typeCode,freqCode,refPeriodId,refYear,refMonth,period,reporterCode,reporterISO,reporterDesc,flowCode,flowDesc,partnerCode,partnerISO,partnerDesc,partner2Code,partner2ISO,partner2Desc,classificationCode,classificationSearchCode,isOriginalClassification,cmdCode,cmdDesc,aggrLevel,isLeaf,customsCode,customsDesc,mosCode,motCode,motDesc,qtyUnitCode,qtyUnitAbbr,qty,isQtyEstimated,altQtyUnitCode,altQtyUnitAbbr,altQty,isAltQtyEstimated,netWgt,isNetWgtEstimated,grossWgt,isGrossWgtEstimated,cifvalue,fobvalue,primaryValue,legacyEstimationFlag,isReported,isAggregate
C,A,20000101,2000,52,2000,156,,,M,,0,,,0,,,H1,HS,True,TOTAL,,,,C00,,0,0,,-1,,,False,-1,,,False,,False,,False,225093731030.0,,225093731030.0,0,False,False
C,A,20010101,2001,52,2001,156,,,M,,0,,,0,,,H1,HS,True,TOTAL,,,,C00,,0,0,,-1,,,False,-1,,,False,,False,,False,243552880618.0,,243552880618.0,0,False,False
C,A,20020101,2002,52,2002,156,,,M,,0,,,0,,,H2,HS,True,TOTAL,,,,C00,,0,0,,-1,,,False,-1,,,False,,False,,False,295170104110.0,,295170104110.0,0,True,False
C,A,20030101,2003,52,2003,156,,,M,,0,,,0,,,H2,HS,True,TOTAL,,,,C00,,0,0,,-1,,,False,-1,,,False,,False,,False,412759796407.0,,412759796407.0,0,True,False
C,A,20040101,2004,52,2004,156,,,M,,0,,,0,,,H2,HS,True,TOTAL,,,,C00,,0,0,,-1,,,False,-1,,,False,,False,,False,561228747993.0,,561228747993.0,0,True,False
C,A,20050101,2005,52,2005,156,,,M,,0,,,0,,,H2,HS,True,TOTAL,,,,C00,,0,0,,-1,,,False,-1,,,False,,False,,False,659952762119.0,,659952762119.0,0,True,False
C,A,20060101,2006,52,2006,156,,,M,,0,,,0,,,H2,HS,True,TOTAL,,,,C00,,0,0,,-1,,,False,-1,,,False,,False,,False,791460867850.0,,791460867850.0,0,True,False
C,A,20070101,2007,52,2007,156,,,M,,0,,,0,,,H3,HS,True,TOTAL,,,,C00,,0,0,,-1,,,False,-1,,,False,,False,,False,956115447556.0,,956115447556.0,0,True,False
C,A,20080101,2008,52,2008,156,,,M,,0,,,0,,,H3,HS,True,TOTAL,,,,C00,,0,0,,-1,,,False,-1,,,False,,False,,False,1132562161442.0,,1132562161442.0,0,True,False
C,A,20090101,2009,52,2009,156,,,M,,0,,,0,,,H3,HS,True,TOTAL,,,,C00,,0,0,,-1,,,False,-1,,,False,,False,,False,1005555225206.0,,1005555225206.0,0,True,False
C,A,20100101,2010,52,2010,156,,,M,,0,,,0,,,H3,HS,True,TOTAL,,,,C00,,0,0,,-1,,,False,-1,,,False,,False,,False,1396001565258.0,,1396001565258.0,0,True,False
C,A,20110101,2011,52,2011,156,,,M,,0,,,0,,,H3,HS,True,TOTAL,,,,C00,,0,0,,-1,,,False,-1,,,False,,False,,False,1743394866363.0,,1743394866363.0,0,True,False
C,A,20120101,2012,52,2012,156,,,M,,0,,,0,,,H4,HS,True,TOTAL,,,,C00,,0,0,,-1,,,False,-1,,,False,,False,,False,1818199227571.0,,1818199227571.0,0,True,False
C,A,20130101,2013,52,2013,156,,,M,,0,,,0,,,H4,HS,True,TOTAL,,,,C00,,0,0,,-1,,,False,-1,,,False,,False,,False,1949992314705.0,,1949992314705.0,0,True,False
C,A,20140101,2014,52,2014,156,,,M,,0,,,0,,,H4,HS,True,TOTAL,,,,C00,,0,0,,-1,,,False,-1,,,False,,False,,False,1959234625162.0,,1959234625162.0,0,True,False
C,A,20150101,2015,52,2015,156,,,M,,0,,,20,,,H4,HS,True,TOTAL,,,,C00,,0 ,0,,-1,,0.0,False,-1,,0.0,False,,False,,False,2819.0,,2819.0,0,False,True
C,A,20150101,2015,52,2015,156,,,M,,0,,,44,,,H4,HS,True,TOTAL,,,,C00,,0 ,0,,-1,,0.0,False,-1,,0.0,False,,False,,False,1372380474.0,,1372380474.0,0,False,True
C,A,20150101,2015,52,2015,156,,,M,,0,,,108,,,H4,HS,True,TOTAL,,,,C00,,0 ,0,,-1,,0.0,False,-1,,0.0,False,,False,,False,158744.0,,158744.0,0,False,True
C,A,20150101,2015,52,2015,156,,,M,,0,,,132,,,H4,HS,True,TOTAL,,,,C00,,0 ,0,,-1,,0.0,False,-1,,0.0,False,,False,,False,14938.0,,14938.0,0,False,True
C,A,20150101,2015,52,2015,156,,,M,,0,,,174,,,H4,HS,True,TOTAL,,,,C00,,0 ,0,,-1,,0.0,False,-1,,0.0,False,,False,,False,2780.0,,2780.0,0,False,True
C,A,20150101,2015,52,2015,156,,,M,,0,,,226,,,H4,HS,True,TOTAL,,,,C00,,0 ,0,,-1,,0.0,False,-1,,0.0,False,,False,,False,1169146969.0,,1169146969.0,0,False,True
C,A,20150101,2015,52,2015,156,,,M,,0,,,232,,,H4,HS,True,TOTAL,,,,C00,,0 ,0,,-1,,0.0,False,-1,,0.0,False,,False,,False,178723418.0,,178723418.0,0,False,True
C,A,20150101,2015,52,2015,156,,,M,,0,,,234,,,H4,HS,True,TOTAL,,,,C00,,0 ,0,,-1,,0.0,False,-1,,0.0,False,,False,,False,103645883.0,,103645883.0,0,False,True
C,A,20150101,2015,52,2015,156,,,M,,0,,,275,,,H4,HS,True,TOTAL,,,,C00,,0 ,0,,-1,,0.0,False,-1,,0.0,False,,False,,False,78579.0,,78579.0,0,False,True
C,A,20150101,2015,52,2015,156,,,M,,0,,,270,,,H4,HS,True,TOTAL,,,,C00,,0 ,0,,-1,,0.0,False,-1,,0.0,False,,False,,False,54092223.0,,54092223.0,0,False,True
C,A,20150101,2015,52,2015,156,,,M,,0,,,292,,,H4,HS,True,TOTAL,,,,C00,,0 ,0,,-1,,0.0,False,-1,,0.0,False,,False,,False,235996.0,,235996.0,0,False,True
C,A,20150101,2015,52,2015,156,,,M,,0,,,296,,,H4,HS,True,TOTAL,,,,C00,,0 ,0,,-1,,0.0,False,-1,,0.0,False,,False,,False,6090321.0,,6090321.0,0,False,True
C,A,20150101,2015,52,2015,156,,,M,,0,,,304,,,H4,HS,True,TOTAL,,,,C00,,0 ,0,,-1,,0.0,False,-1,,0.0,False,,False,,False,934044.0,,934044.0,0,False,True
C,A,20150101,2015,52,2015,156,,,M,,0,,,328,,,H4,HS,True,TOTAL,,,,C00,,0 ,0,,-1,,0.0,False,-1,,0.0,False,,False,,False,48259012.0,,48259012.0,0,False,True
C,A,20150101,2015,52,2015,156,,,M,,0,,,332,,,H4,HS,True,TOTAL,,,,C00,,0 ,0,,-1,,0.0,False,-1,,0.0,False,,False,,False,9230747.0,,9230747.0,0,False,True
C,A,20150101,2015,52,2015,156,,,M,,0,,,426,,,H4,HS,True,TOTAL,,,,C00,,0 ,0,,-1,,0.0,False,-1,,0.0,False,,False,,False,485538.0,,485538.0,0,False,True
C,A,20150101,2015,52,2015,156,,,M,,0,,,531,,,H4,HS,True,TOTAL,,,,C00,,0 ,0,,-1,,0.0,False,-1,,0.0,False,,False,,False,398781598.0,,398781598.0,0,False,True
C,A,20150101,2015,52,2015,156,,,M,,0,,,533,,,H4,HS,True,TOTAL,,,,C00,,0 ,0,,-1,,0.0,False,-1,,0.0,False,,False,,False,130044392.0,,130044392.0,0,False,True
C,A,20150101,2015,52,2015,156,,,M,,0,,,548,,,H4,HS,True,TOTAL,,,,C00,,0 ,0,,-1,,0.0,False,-1,,0.0,False,,False,,False,2952006.0,,2952006.0,0,False,True
C,A,20150101,2015,52,2015,156,,,M,,0,,,562,,,H4,HS,True,TOTAL,,,,C00,,0 ,0,,-1,,0.0,False,-1,,0.0,False,,False,,False,123394583.0,,123394583.0,0,False,True
C,A,20150101,2015,52,2015,156,,,M,,0,,,574,,,H4,HS,True,TOTAL,,,,C00,,0 ,0,,-1,,0.0,False,-1,,0.0,False,,False,,False,26694.0,,26694.0,0,False,True
C,A,20150101,2015,52,2015,156,,,M,,0,,,624,,,H4,HS,True,TOTAL,,,,C00,,0 ,0,,-1,,0.0,False,-1,,0.0,False,,False,,False,18163346.0,,18163346.0,0,False,True
C,A,20150101,2015,52,2015,156,,,M,,0,,,626,,,H4,HS,True,TOTAL,,,,C00,,0 ,0,,-1,,0.0,False,-1,,0.0,False,,False,,False,213295.0,,213295.0,0,False,True
C,A,20150101,2015,52,2015,156,,,M,,0,,,637,,,H4,HS,True,TOTAL,,,,C00,,0 ,0,,-1,,0.0,False,-1,,0.0,False,,False,,False,1053.0,,1053.0,0,False,True
C,A,20150101,2015,52,2015,156,,,M,,0,,,662,,,H4,HS,True,TOTAL,,,,C00,,0 ,0,,-1,,0.0,False,-1,,0.0,False,,False,,False,31245.0,,31245.0,0,False,True
C,A,20150101,2015,52,2015,156,,,M,,0,,,694,,,H4,HS,True,TOTAL,,,,C00,,0 ,0,,-1,,0.0,False,-1,,0.0,False,,False,,False,158986271.0,,158986271.0,0,False,True
C,A,20150101,2015,52,2015,156,,,M,,0,,,728,,,H4,HS,True,TOTAL,,,,C00,,0 ,0,,-1,,0.0,False,-1,,0.0,False,,False,,False,1345967925.0,,1345967925.0,0,False,True
C,A,20150101,2015,52,2015,156,,,M,,0,,,776,,,H4,HS,True,TOTAL,,,,C00,,0 ,0,,-1,,0.0,False,-1,,0.0,False,,False,,False,24410.0,,24410.0,0,False,True
C,A,20150101,2015,52,2015,156,,,M,,0,,,798,,,H4,HS,True,TOTAL,,,,C00,,0 ,0,,-1,,0.0,False,-1,,0.0,False,,False,,False,14730949.0,,14730949.0,0,False,True
C,A,20150101,2015,52,2015,156,,,M,,0,,,854,,,H4,HS,True,TOTAL,,,,C00,,0 ,0,,-1,,0.0,False,-1,,0.0,False,,False,,False,1110645.0,,1110645.0,0,False,True
C,A,20150101,2015,52,2015,156,,,M,,0,,,4,,,H4,HS,True,TOTAL,,,,C00,,0 ,0,,-1,,0.0,False,-1,,0.0,False,,True,,False,8219435.0,,8219435.0,0,False,True
C,A,20150101,2015,52,2015,156,,,M,,0,,,8,,,H4,HS,True,TOTAL,,,,C00,,0 ,0,,-1,,0.0,False,-1,,0.0,False,,True,,False,111605395.0,,111605395.0,0,False,True
C,A,20150101,2015,52,2015,156,,,M,,0,,,0,,,H4,HS,True,TOTAL,,,,C00,,0 ,0,,-1,,0.0,False,-1,,0.0,False,,True,,False,1679564324560.0,,1679564324560.0,0,False,True
C,A,20150101,2015,52,2015,156,,,M,,0,,,12,,,H4,HS,True,TOTAL,,,,C00,,0 ,0,,-1,,0.0,False,-1,,0.0,False,,True,,False,695349488.0,,695349488.0,0,False,True
C,A,20150101,2015,52,2015,156,,,M,,0,,,24,,,H4,HS,True,TOTAL,,,,C00,,0 ,0,,-1,,0.0,False,-1,,0.0,False,,True,,False,15836610891.0,,15836610891.0,0,False,True
C,A,20150101,2015,52,2015,156,,,M,,0,,,28,,,H4,HS,True,TOTAL,,,,C00,,0 ,0,,-1,,0.0,False,-1,,0.0,False,,True,,False,8936.0,,8936.0,0,False,True
C,A,20150101,2015,52,2015,156,,,M,,0,,,31,,,H4,HS,True,TOTAL,,,,C00,,0 ,0,,-1,,0.0,False,-1,,0.0,False,,True,,False,16282031.0,,16282031.0,0,False,True
C,A,20150101,2015,52,2015,156,,,M,,0,,,32,,,H4,HS,True,TOTAL,,,,C00,,0 ,0,,-1,,0.0,False,-1,,0.0,False,,True,,False,5716387424.0,,5716387424.0,0,False,True
C,A,20150101,2015,52,2015,156,,,M,,0,,,36,,,H4,HS,True,TOTAL,,,,C00,,0 ,0,,-1,,0.0,False,-1,,0.0,False,,True,,False,65590213136.0,,65590213136.0,0,False,True
C,A,20150101,2015,52,2015,156,,,M,,0,,,40,,,H4,HS,True,TOTAL,,,,C00,,0 ,0,,-1,,0.0,False,-1,,0.0,False,,True,,False,1780566479.0,,1780566479.0,0,False,True
C,A,20150101,2015,52,2015,156,,,M,,0,,,48,,,H4,HS,True,TOTAL,,,,C00,,0 ,0,,-1,,0.0,False,-1,,0.0,False,,True,,False,252111471.0,,252111471.0,0,False,True
C,A,20150101,2015,52,2015,156,,,M,,0,,,50,,,H4,HS,True,TOTAL,,,,C00,,0 ,0,,-1,,0.0,False,-1,,0.0,False,,True,,False,662609783.0,,662609783.0,0,False,True
C,A,20150101,2015,52,2015,156,,,M,,0,,,51,,,H4,HS,True,TOTAL,,,,C00,,0 ,0,,-1,,0.0,False,-1,,0.0,False,,True,,False,26994083.0,,26994083.0,0,False,True
C,A,20150101,2015,52,2015,156,,,M,,0,,,52,,,H4,HS,True,TOTAL,,,,C00,,0 ,0,,-1,,0.0,False,-1,,0.0,False,,True,,False,17458586.0,,17458586.0,0,False,True
C,A,20150101,2015,52,2015,156,,,M,,0,,,56,,,H4,HS,True,TOTAL,,,,C00,,0 ,0,,-1,,0.0,False,-1,,0.0,False,,True,,False,15276544951.0,,15276544951.0,0,False,True
C,A,20150101,2015,52,2015,156,,,M,,0,,,64,,,H4,HS,True,TOTAL,,,,C00,,0 ,0,,-1,,0.0,False,-1,,0.0,False,,True,,False,3717.0,,3717.0,0,False,True
C,A,20150101,2015,52,2015,156,,,M,,0,,,68,,,H4,HS,True,TOTAL,,,,C00,,0 ,0,,-1,,0.0,False,-1,,0.0,False,,True,,False,124731691.0,,124731691.0,0,False,True
C,A,20150101,2015,52,2015,156,,,M,,0,,,70,,,H4,HS,True,TOTAL,,,,C00,,0 ,0,,-1,,0.0,False,-1,,0.0,False,,True,,False,8296012.0,,8296012.0,0,False,True
C,A,20150101,2015,52,2015,156,,,M,,0,,,72,,,H4,HS,True,TOTAL,,,,C00,,0 ,0,,-1,,0.0,False,-1,,0.0,False,,True,,False,3253425.0,,3253425.0,0,False,True
C,A,20150101,2015,52,2015,156,,,M,,0,,,76,,,H4,HS,True,TOTAL,,,,C00,,0 ,0,,-1,,0.0,False,-1,,0.0,False,,True,,False,40862680575.0,,40862680575.0,0,False,True
C,A,20150101,2015,52,2015,156,,,M,,0,,,84,,,H4,HS,True,TOTAL,,,,C00,,0 ,0,,-1,,0.0,False,-1,,0.0,False,,True,,False,1639833.0,,1639833.0,0,False,True
C,A,20150101,2015,52,2015,156,,,M,,0,,,90,,,H4,HS,True,TOTAL,,,,C00,,0 ,0,,-1,,0.0,False,-1,,0.0,False,,True,,False,459042677.0,,459042677.0,0,False,True
C,A,20150101,2015,52,2015,156,,,M,,0,,,92,,,H4,HS,True,TOTAL,,,,C00,,0 ,0,,-1,,0.0,False,-1,,0.0,False,,True,,False,2147541.0,,2147541.0,0,False,True
C,A,20150101,2015,52,2015,156,,,M,,0,,,96,,,H4,HS,True,TOTAL,,,,C00,,0 ,0,,-1,,0.0,False,-1,,0.0,False,,True,,False,76457300.0,,76457300.0,0,False,True
C,A,20150101,2015,52,2015,156,,,M,,0,,,100,,,H4,HS,True,TOTAL,,,,C00,,0 ,0,,-1,,0.0,False,-1,,0.0,False,,True,,False,637031925.0,,637031925.0,0,False,True
C,A,20150101,2015,52,2015,156,,,M,,0,,,104,,,H4,HS,True,TOTAL,,,,C00,,0 ,0,,-1,,0.0,False,-1,,0.0,False,,True,,False,3759762490.0,,3759762490.0,0,False,True
C,A,20150101,2015,52,2015,156,,,M,,0,,,112,,,H4,HS,True,TOTAL,,,,C00,,0 ,0,,-1,,0.0,False,-1,,0.0,False,,True,,False,274877900.0,,274877900.0,0,False,True
C,A,20150101,2015,52,2015,156,,,M,,0,,,116,,,H4,HS,True,TOTAL,,,,C00,,0 ,0,,-1,,0.0,False,-1,,0.0,False,,True,,False,507032741.0,,507032741.0,0,False,True
C,A,20150101,2015,52,2015,156,,,M,,0,,,120,,,H4,HS,True,TOTAL,,,,C00,,0 ,0,,-1,,0.0,False,-1,,0.0,False,,True,,False,854934733.0,,854934733.0,0,False,True
C,A,20150101,2015,52,2015,156,,,M,,0,,,140,,,H4,HS,True,TOTAL,,,,C00,,0 ,0,,-1,,0.0,False,-1,,0.0,False,,True,,False,506184.0,,506184.0,0,False,True
C,A,20150101,2015,52,2015,156,,,M,,0,,,136,,,H4,HS,True,TOTAL,,,,C00,,0 ,0,,-1,,0.0,False,-1,,0.0,False,,True,,False,1655.0,,1655.0,0,False,True
C,A,20150101,2015,52,2015,156,,,M,,0,,,124,,,H4,HS,True,TOTAL,,,,C00,,0 ,0,,-1,,0.0,False,-1,,0.0,False,,True,,False,16883700738.0,,16883700738.0,0,False,True
C,A,20150101,2015,52,2015,156,,,M,,0,,,144,,,H4,HS,True,TOTAL,,,,C00,,0 ,0,,-1,,0.0,False,-1,,0.0,False,,True,,False,208887595.0,,208887595.0,0,False,True
C,A,20150101,2015,52,2015,156,,,M,,0,,,148,,,H4,HS,True,TOTAL,,,,C00,,0 ,0,,-1,,0.0,False,-1,,0.0,False,,True,,False,87472539.0,,87472539.0,0,False,True
C,A,20150101,2015,52,2015,156,,,M,,0,,,152,,,H4,HS,True,TOTAL,,,,C00,,0 ,0,,-1,,0.0,False,-1,,0.0,False,,True,,False,17726805730.0,,17726805730.0,0,False,True
C,A,20150101,2015,52,2015,156,,,M,,0,,,170,,,H4,HS,True,TOTAL,,,,C00,,0 ,0,,-1,,0.0,False,-1,,0.0,False,,True,,False,2327832093.0,,2327832093.0,0,False,True
C,A,20150101,2015,52,2015,156,,,M,,0,,,178,,,H4,HS,True,TOTAL,,,,C00,,0 ,0,,-1,,0.0,False,-1,,0.0,False,,True,,False,2434379057.0,,2434379057.0,0,False,True
C,A,20150101,2015,52,2015,156,,,M,,0,,,180,,,H4,HS,True,TOTAL,,,,C00,,0 ,0,,-1,,0.0,False,-1,,0.0,False,,True,,False,391268635.0,,391268635.0,0,False,True
C,A,20150101,2015,52,2015,156,,,M,,0,,,184,,,H4,HS,True,TOTAL,,,,C00,,0 ,0,,-1,,0.0,False,-1,,0.0,False,,True,,False,415618.0,,415618.0,0,False,True
C,A,20150101,2015,52,2015,156,,,M,,0,,,188,,,H4,HS,True,TOTAL,,,,C00,,0 ,0,,-1,,0.0,False,-1,,0.0,False,,True,,False,139693889.0,,139693889.0,0,False,True
C,A,20150101,2015,52,2015,156,,,M,,0,,,191,,,H4,HS,True,TOTAL,,,,C00,,0 ,0,,-1,,0.0,False,-1,,0.0,False,,True,,False,111497820.0,,111497820.0,0,False,True
C,A,20150101,2015,52,2015,156,,,M,,0,,,192,,,H4,HS,True,TOTAL,,,,C00,,0 ,0,,-1,,0.0,False,-1,,0.0,False,,True,,False,274951029.0,,274951029.0,0,False,True
C,A,20150101,2015,52,2015,156,,,M,,0,,,196,,,H4,HS,True,TOTAL,,,,C00,,0 ,0,,-1,,0.0,False,-1,,0.0,False,,True,,False,48556491.0,,48556491.0,0,False,True
C,A,20150101,2015,52,2015,156,,,M,,0,,,203,,,H4,HS,True,TOTAL,,,,C00,,0 ,0,,-1,,0.0,False,-1,,0.0,False,,True,,False,653287220.0,,653287220.0,0,False,True
C,A,20150101,2015,52,2015,156,,,M,,0,,,204,,,H4,HS,True,TOTAL,,,,C00,,0 ,0,,-1,,0.0,False,-1,,0.0,False,,True,,False,68694070.0,,68694070.0,0,False,True
C,A,20150101,2015,52,2015,156,,,M,,0,,,208,,,H4,HS,True,TOTAL,,,,C00,,0 ,0,,-1,,0.0,False,-1,,0.0,False,,True,,False,3616169280.0,,3616169280.0,0,False,True
C,A,20150101,2015,52,2015,156,,,M,,0,,,212,,,H4,HS,True,TOTAL,,,,C00,,0 ,0,,-1,,0.0,False,-1,,0.0,False,,True,,False,281701.0,,281701.0,0,False,True
C,A,20150101,2015,52,2015,156,,,M,,0,,,214,,,H4,HS,True,TOTAL,,,,C00,,0 ,0,,-1,,0.0,False,-1,,0.0,False,,True,,False,164381966.0,,164381966.0,0,False,True
C,A,20150101,2015,52,2015,156,,,M,,0,,,218,,,H4,HS,True,TOTAL,,,,C00,,0 ,0,,-1,,0.0,False,-1,,0.0,False,,True,,False,1223991475.0,,1223991475.0,0,False,True
C,A,20150101,2015,52,2015,156,,,M,,0,,,222,,,H4,HS,True,TOTAL,,,,C00,,0 ,0,,-1,,0.0,False,-1,,0.0,False,,True,,False,43732765.0,,43732765.0,0,False,True
C,A,20150101,2015,52,2015,156,,,M,,0,,,231,,,H4,HS,True,TOTAL,,,,C00,,0 ,0,,-1,,0.0,False,-1,,0.0,False,,True,,False,336902426.0,,336902426.0,0,False,True
C,A,20150101,2015,52,2015,156,,,M,,0,,,233,,,H4,HS,True,TOTAL,,,,C00,,0 ,0,,-1,,0.0,False,-1,,0.0,False,,True,,False,270618839.0,,270618839.0,0,False,True
C,A,20150101,2015,52,2015,156,,,M,,0,,,242,,,H4,HS,True,TOTAL,,,,C00,,0 ,0,,-1,,0.0,False,-1,,0.0,False,,True,,False,20581129.0,,20581129.0,0,False,True
C,A,20150101,2015,52,2015,156,,,M,,0,,,246,,,H4,HS,True,TOTAL,,,,C00,,0 ,0,,-1,,0.0,False,-1,,0.0,False,,True,,False,2606374522.0,,2606374522.0,0,False,True
C,A,20150101,2015,52,2015,156,,,M,,0,,,266,,,H4,HS,True,TOTAL,,,,C00,,0 ,0,,-1,,0.0,False,-1,,0.0,False,,True,,False,1061640126.0,,1061640126.0,0,False,True
C,A,20150101,2015,52,2015,156,,,M,,0,,,262,,,H4,HS,True,TOTAL,,,,C00,,0 ,0,,-1,,0.0,False,-1,,0.0,False,,True,,False,23038956.0,,23038956.0,0,False,True
C,A,20150101,2015,52,2015,156,,,M,,0,,,258,,,H4,HS,True,TOTAL,,,,C00,,0 ,0,,-1,,0.0,False,-1,,0.0,False,,True,,False,1195498.0,,1195498.0,0,False,True
C,A,20150101,2015,52,2015,156,,,M,,0,,,251,,,H4,HS,True,TOTAL,,,,C00,,0 ,0,,-1,,0.0,False,-1,,0.0,False,,True,,False,19644924731.0,,19644924731.0,0,False,True
C,A,20150101,2015,52,2015,156,,,M,,0,,,268,,,H4,HS,True,TOTAL,,,,C00,,0 ,0,,-1,,0.0,False,-1,,0.0,False,,True,,False,316716861.0,,316716861.0,0,False,True
C,A,20150101,2015,52,2015,156,,,M,,0,,,276,,,H4,HS,True,TOTAL,,,,C00,,0 ,0,,-1,,0.0,False,-1,,0.0,False,,True,,False,84126907760.0,,84126907760.0,0,False,True
C,A,20150101,2015,52,2015,156,,,M,,0,,,288,,,H4,HS,True,TOTAL,,,,C00,,0 ,0,,-1,,0.0,False,-1,,0.0,False,,True,,False,1196931681.0,,1196931681.0,0,False,True
C,A,20150101,2015,52,2015,156,,,M,,0,,,300,,,H4,HS,True,TOTAL,,,,C00,,0 ,0,,-1,,0.0,False,-1,,0.0,False,,True,,False,418093179.0,,418093179.0,0,False,True
C,A,20150101,2015,52,2015,156,,,M,,0,,,308,,,H4,HS,True,TOTAL,,,,C00,,0 ,0,,-1,,0.0,False,-1,,0.0,False,,True,,False,30493.0,,30493.0,0,False,True
C,A,20150101,2015,52,2015,156,,,M,,0,,,320,,,H4,HS,True,TOTAL,,,,C00,,0 ,0,,-1,,0.0,False,-1,,0.0,False,,True,,False,198720516.0,,198720516.0,0,False,True
C,A,20150101,2015,52,2015,156,,,M,,0,,,324,,,H4,HS,True,TOTAL,,,,C00,,0 ,0,,-1,,0.0,False,-1,,0.0,False,,True,,False,74066586.0,,74066586.0,0,False,True
C,A,20150101,2015,52,2015,156,,,M,,0,,,340,,,H4,HS,True,TOTAL,,,,C00,,0 ,0,,-1,,0.0,False,-1,,0.0,False,,True,,False,26566444.0,,26566444.0,0,False,True
C,A,20150101,2015,52,2015,156,,,M,,0,,,344,,,H4,HS,True,TOTAL,,,,C00,,0 ,0,,-1,,0.0,False,-1,,0.0,False,,True,,False,430008428929.0,,430008428929.0,0,False,True
C,A,20150101,2015,52,2015,156,,,M,,0,,,348,,,H4,HS,True,TOTAL,,,,C00,,0 ,0,,-1,,0.0,False,-1,,0.0,False,,True,,False,641961398.0,,641961398.0,0,False,True
C,A,20150101,2015,52,2015,156,,,M,,0,,,352,,,H4,HS,True,TOTAL,,,,C00,,0 ,0,,-1,,0.0,False,-1,,0.0,False,,True,,False,63450058.0,,63450058.0,0,False,True
C,A,20150101,2015,52,2015,156,,,M,,0,,,360,,,H4,HS,True,TOTAL,,,,C00,,0 ,0,,-1,,0.0,False,-1,,0.0,False,,True,,False,18064493892.0,,18064493892.0,0,False,True
C,A,20150101,2015,52,2015,156,,,M,,0,,,368,,,H4,HS,True,TOTAL,,,,C00,,0 ,0,,-1,,0.0,False,-1,,0.0,False,,True,,False,12631011093.0,,12631011093.0,0,False,True
C,A,20150101,2015,52,2015,156,,,M,,0,,,364,,,H4,HS,True,TOTAL,,,,C00,,0 ,0,,-1,,0.0,False,-1,,0.0,False,,True,,False,14494457806.0,,14494457806.0,0,False,True
C,A,20150101,2015,52,2015,156,,,M,,0,,,372,,,H4,HS,True,TOTAL,,,,C00,,0 ,0,,-1,,0.0,False,-1,,0.0,False,,True,,False,2043239954.0,,2043239954.0,0,False,True
C,A,20150101,2015,52,2015,156,,,M,,0,,,376,,,H4,HS,True,TOTAL,,,,C00,,0 ,0,,-1,,0.0,False,-1,,0.0,False,,True,,False,3450790618.0,,3450790618.0,0,False,True
C,A,20150101,2015,52,2015,156,,,M,,0,,,380,,,H4,HS,True,TOTAL,,,,C00,,0 ,0,,-1,,0.0,False,-1,,0.0,False,,True,,False,12545702402.0,,12545702402.0,0,False,True
C,A,20150101,2015,52,2015,156,,,M,,0,,,384,,,H4,HS,True,TOTAL,,,,C00,,0 ,0,,-1,,0.0,False,-1,,0.0,False,,True,,False,161123694.0,,161123694.0,0,False,True
C,A,20150101,2015,52,2015,156,,,M,,0,,,388,,,H4,HS,True,TOTAL,,,,C00,,0 ,0,,-1,,0.0,False,-1,,0.0,False,,True,,False,33840700.0,,33840700.0,0,False,True
C,A,20150101,2015,52,2015,156,,,M,,0,,,392,,,H4,HS,True,TOTAL,,,,C00,,0 ,0,,-1,,0.0,False,-1,,0.0,False,,True,,False,111022314630.0,,111022314630.0,0,False,True
C,A,20150101,2015,52,2015,156,,,M,,0,,,398,,,H4,HS,True,TOTAL,,,,C00,,0 ,0,,-1,,0.0,False,-1,,0.0,False,,True,,False,5347232257.0,,5347232257.0,0,False,True
C,A,20150101,2015,52,2015,156,,,M,,0,,,404,,,H4,HS,True,TOTAL,,,,C00,,0 ,0,,-1,,0.0,False,-1,,0.0,False,,True,,False,123826452.0,,123826452.0,0,False,True
C,A,20150101,2015,52,2015,156,,,M,,0,,,400,,,H4,HS,True,TOTAL,,,,C00,,0 ,0,,-1,,0.0,False,-1,,0.0,False,,True,,False,301793749.0,,301793749.0,0,False,True
C,A,20150101,2015,52,2015,156,,,M,,0,,,408,,,H4,HS,True,TOTAL,,,,C00,,0 ,0,,-1,,0.0,False,-1,,0.0,False,,True,,False,2588825123.0,,2588825123.0,0,False,True
C,A,20150101,2015,52,2015,156,,,M,,0,,,410,,,H4,HS,True,TOTAL,,,,C00,,0 ,0,,-1,,0.0,False,-1,,0.0,False,,True,,False,139611828127.0,,139611828127.0,0,False,True
C,A,20150101,2015,52,2015,156,,,M,,0,,,414,,,H4,HS,True,TOTAL,,,,C00,,0 ,0,,-1,,0.0,False,-1,,0.0,False,,True,,False,7681162487.0,,7681162487.0,0,False,True
C,A,20150101,2015,52,2015,156,,,M,,0,,,417,,,H4,HS,True,TOTAL,,,,C00,,0 ,0,,-1,,0.0,False,-1,,0.0,False,,True,,False,38972438.0,,38972438.0,0,False,True
C,A,20150101,2015,52,2015,156,,,M,,0,,,418,,,H4,HS,True,TOTAL,,,,C00,,0 ,0,,-1,,0.0,False,-1,,0.0,False,,True,,False,771489414.0,,771489414.0,0,False,True
C,A,20150101,2015,52,2015,156,,,M,,0,,,422,,,H4,HS,True,TOTAL,,,,C00,,0 ,0,,-1,,0.0,False,-1,,0.0,False,,True,,False,172096148.0,,172096148.0,0,False,True
C,A,20150101,2015,52,2015,156,,,M,,0,,,428,,,H4,HS,True,TOTAL,,,,C00,,0 ,0,,-1,,0.0,False,-1,,0.0,False,,True,,False,171926677.0,,171926677.0,0,False,True
C,A,20150101,2015,52,2015,156,,,M,,0,,,430,,,H4,HS,True,TOTAL,,,,C00,,0 ,0,,-1,,0.0,False,-1,,0.0,False,,True,,False,188620530.0,,188620530.0,0,False,True
C,A,20150101,2015,52,2015,156,,,M,,0,,,434,,,H4,HS,True,TOTAL,,,,C00,,0 ,0,,-1,,0.0,False,-1,,0.0,False,,True,,False,888946825.0,,888946825.0,0,False,True
C,A,20150101,2015,52,2015,156,,,M,,0,,,440,,,H4,HS,True,TOTAL,,,,C00,,0 ,0,,-1,,0.0,False,-1,,0.0,False,,True,,False,817878626.0,,817878626.0,0,False,True
C,A,20150101,2015,52,2015,156,,,M,,0,,,442,,,H4,HS,True,TOTAL,,,,C00,,0 ,0,,-1,,0.0,False,-1,,0.0,False,,True,,False,888504772.0,,888504772.0,0,False,True
C,A,20150101,2015,52,2015,156,,,M,,0,,,454,,,H4,HS,True,TOTAL,,,,C00,,0 ,0,,-1,,0.0,False,-1,,0.0,False,,True,,False,2015833.0,,2015833.0,0,False,True
C,A,20150101,2015,52,2015,156,,,M,,0,,,450,,,H4,HS,True,TOTAL,,,,C00,,0 ,0,,-1,,0.0,False,-1,,0.0,False,,True,,False,142256672.0,,142256672.0,0,False,True
C,A,20150101,2015,52,2015,156,,,M,,0,,,446,,,H4,HS,True,TOTAL,,,,C00,,0 ,0,,-1,,0.0,False,-1,,0.0,False,,True,,False,1394506608.0,,1394506608.0,0,False,True
C,A,20150101,2015,52,2015,156,,,M,,0,,,458,,,H4,HS,True,TOTAL,,,,C00,,0 ,0,,-1,,0.0,False,-1,,0.0,False,,True,,False,38480637399.0,,38480637399.0,0,False,True
C,A,20150101,2015,52,2015,156,,,M,,0,,,462,,,H4,HS,True,TOTAL,,,,C00,,0 ,0,,-1,,0.0,False,-1,,0.0,False,,True,,False,4254347.0,,4254347.0,0,False,True
C,A,20150101,2015,52,2015,156,,,M,,0,,,466,,,H4,HS,True,TOTAL,,,,C00,,0 ,0,,-1,,0.0,False,-1,,0.0,False,,True,,False,64086790.0,,64086790.0,0,False,True
C,A,20150101,2015,52,2015,156,,,M,,0,,,470,,,H4,HS,True,TOTAL,,,,C00,,0 ,0,,-1,,0.0,False,-1,,0.0,False,,True,,False,75900418.0,,75900418.0,0,False,True
C,A,20150101,2015,52,2015,156,,,M,,0,,,473,,,H4,HS,True,TOTAL,,,,C00,,0 ,0,,-1,,0.0,False,-1,,0.0,False,,True,,False,2613.0,,2613.0,0,False,True
C,A,20150101,2015,52,2015,156,,,M,,0,,,478,,,H4,HS,True,TOTAL,,,,C00,,0 ,0,,-1,,0.0,False,-1,,0.0,False,,True,,False,718116845.0,,718116845.0,0,False,True
C,A,20150101,2015,52,2015,156,,,M,,0,,,480,,,H4,HS,True,TOTAL,,,,C00,,0 ,0,,-1,,0.0,False,-1,,0.0,False,,True,,False,13056845.0,,13056845.0,0,False,True
C,A,20150101,2015,52,2015,156,,,M,,0,,,484,,,H4,HS,True,TOTAL,,,,C00,,0 ,0,,-1,,0.0,False,-1,,0.0,False,,True,,False,5833909023.0,,5833909023.0,0,False,True
C,A,20150101,2015,52,2015,156,,,M,,0,,,490,,,H4,HS,True,TOTAL,,,,C00,,0 ,0,,-1,,0.0,False,-1,,0.0,False,,True,,False,74724668937.0,,74724668937.0,0,False,True
C,A,20150101,2015,52,2015,156,,,M,,0,,,496,,,H4,HS,True,TOTAL,,,,C00,,0 ,0,,-1,,0.0,False,-1,,0.0,False,,True,,False,3791542597.0,,3791542597.0,0,False,True
C,A,20150101,2015,52,2015,156,,,M,,0,,,498,,,H4,HS,True,TOTAL,,,,C00,,0 ,0,,-1,,0.0,False,-1,,0.0,False,,True,,False,4072452.0,,4072452.0,0,False,True
C,A,20150101,2015,52,2015,156,,,M,,0,,,499,,,H4,HS,True,TOTAL,,,,C00,,0 ,0,,-1,,0.0,False,-1,,0.0,False,,True,,False,33372014.0,,33372014.0,0,False,True
C,A,20150101,2015,52,2015,156,,,M,,0,,,504,,,H4,HS,True,TOTAL,,,,C00,,0 ,0,,-1,,0.0,False,-1,,0.0,False,,True,,False,229745921.0,,229745921.0,0,False,True
C,A,20150101,2015,52,2015,156,,,M,,0,,,508,,,H4,HS,True,TOTAL,,,,C00,,0 ,0,,-1,,0.0,False,-1,,0.0,False,,True,,False,1494782018.0,,1494782018.0,0,False,True
C,A,20150101,2015,52,2015,156,,,M,,0,,,512,,,H4,HS,True,TOTAL,,,,C00,,0 ,0,,-1,,0.0,False,-1,,0.0,False,,True,,False,15042381940.0,,15042381940.0,0,False,True
C,A,20150101,2015,52,2015,156,,,M,,0,,,516,,,H4,HS,True,TOTAL,,,,C00,,0 ,0,,-1,,0.0,False,-1,,0.0,False,,True,,False,327900899.0,,327900899.0,0,False,True
C,A,20150101,2015,52,2015,156,,,M,,0,,,524,,,H4,HS,True,TOTAL,,,,C00,,0 ,0,,-1,,0.0,False,-1,,0.0,False,,True,,False,27871410.0,,27871410.0,0,False,True
C,A,20150101,2015,52,2015,156,,,M,,0,,,528,,,H4,HS,True,TOTAL,,,,C00,,0 ,0,,-1,,0.0,False,-1,,0.0,False,,True,,False,18563739562.0,,18563739562.0,0,False,True
C,A,20150101,2015,52,2015,156,,,M,,0,,,540,,,H4,HS,True,TOTAL,,,,C00,,0 ,0,,-1,,0.0,False,-1,,0.0,False,,True,,False,293295036.0,,293295036.0,0,False,True
C,A,20150101,2015,52,2015,156,,,M,,0,,,554,,,H4,HS,True,TOTAL,,,,C00,,0 ,0,,-1,,0.0,False,-1,,0.0,False,,True,,False,6428455623.0,,6428455623.0,0,False,True
C,A,20150101,2015,52,2015,156,,,M,,0,,,558,,,H4,HS,True,TOTAL,,,,C00,,0 ,0,,-1,,0.0,False,-1,,0.0,False,,True,,False,31426735.0,,31426735.0,0,False,True
C,A,20150101,2015,52,2015,156,,,M,,0,,,566,,,H4,HS,True,TOTAL,,,,C00,,0 ,0,,-1,,0.0,False,-1,,0.0,False,,True,,False,1284030697.0,,1284030697.0,0,False,True
C,A,20150101,2015,52,2015,156,,,M,,0,,,579,,,H4,HS,True,TOTAL,,,,C00,,0 ,0,,-1,,0.0,False,-1,,0.0,False,,True,,False,2941515132.0,,2941515132.0,0,False,True
C,A,20150101,2015,52,2015,156,,,M,,0,,,583,,,H4,HS,True,TOTAL,,,,C00,,0 ,0,,-1,,0.0,False,-1,,0.0,False,,True,,False,9993545.0,,9993545.0,0,False,True
C,A,20150101,2015,52,2015,156,,,M,,0,,,584,,,H4,HS,True,TOTAL,,,,C00,,0 ,0,,-1,,0.0,False,-1,,0.0,False,,True,,False,59877594.0,,59877594.0,0,False,True
C,A,20150101,2015,52,2015,156,,,M,,0,,,586,,,H4,HS,True,TOTAL,,,,C00,,0 ,0,,-1,,0.0,False,-1,,0.0,False,,True,,False,2152718210.0,,2152718210.0,0,False,True
C,A,20150101,2015,52,2015,156,,,M,,0,,,591,,,H4,HS,True,TOTAL,,,,C00,,0 ,0,,-1,,0.0,False,-1,,0.0,False,,True,,False,1598548594.0,,1598548594.0,0,False,True
C,A,20150101,2015,52,2015,156,,,M,,0,,,598,,,H4,HS,True,TOTAL,,,,C00,,0 ,0,,-1,,0.0,False,-1,,0.0,False,,True,,False,1770651307.0,,1770651307.0,0,False,True
C,A,20150101,2015,52,2015,156,,,M,,0,,,600,,,H4,HS,True,TOTAL,,,,C00,,0 ,0,,-1,,0.0,False,-1,,0.0,False,,True,,False,29505772.0,,29505772.0,0,False,True
C,A,20150101,2015,52,2015,156,,,M,,0,,,604,,,H4,HS,True,TOTAL,,,,C00,,0 ,0,,-1,,0.0,False,-1,,0.0,False,,True,,False,7428547088.0,,7428547088.0,0,False,True
C,A,20150101,2015,52,2015,156,,,M,,0,,,608,,,H4,HS,True,TOTAL,,,,C00,,0 ,0,,-1,,0.0,False,-1,,0.0,False,,True,,False,10635718657.0,,10635718657.0,0,False,True
C,A,20150101,2015,52,2015,156,,,M,,0,,,616,,,H4,HS,True,TOTAL,,,,C00,,0 ,0,,-1,,0.0,False,-1,,0.0,False,,True,,False,1762703232.0,,1762703232.0,0,False,True
C,A,20150101,2015,52,2015,156,,,M,,0,,,620,,,H4,HS,True,TOTAL,,,,C00,,0 ,0,,-1,,0.0,False,-1,,0.0,False,,True,,False,1024101247.0,,1024101247.0,0,False,True
C,A,20150101,2015,52,2015,156,,,M,,0,,,634,,,H4,HS,True,TOTAL,,,,C00,,0 ,0,,-1,,0.0,False,-1,,0.0,False,,True,,False,4502779166.0,,4502779166.0,0,False,True
C,A,20150101,2015,52,2015,156,,,M,,0,,,642,,,H4,HS,True,TOTAL,,,,C00,,0 ,0,,-1,,0.0,False,-1,,0.0,False,,True,,False,573139145.0,,573139145.0,0,False,True
C,A,20150101,2015,52,2015,156,,,M,,0,,,643,,,H4,HS,True,TOTAL,,,,C00,,0 ,0,,-1,,0.0,False,-1,,0.0,False,,True,,False,29819908433.0,,29819908433.0,0,False,True
C,A,20150101,2015,52,2015,156,,,M,,0,,,646,,,H4,HS,True,TOTAL,,,,C00,,0 ,0,,-1,,0.0,False,-1,,0.0,False,,True,,False,8412902.0,,8412902.0,0,False,True
C,A,20150101,2015,52,2015,156,,,M,,0,,,659,,,H4,HS,True,TOTAL,,,,C00,,0 ,0,,-1,,0.0,False,-1,,0.0,False,,True,,False,318138.0,,318138.0,0,False,True
C,A,20150101,2015,52,2015,156,,,M,,0,,,670,,,H4,HS,True,TOTAL,,,,C00,,0 ,0,,-1,,0.0,False,-1,,0.0,False,,True,,False,4614635.0,,4614635.0,0,False,True
C,A,20150101,2015,52,2015,156,,,M,,0,,,674,,,H4,HS,True,TOTAL,,,,C00,,0 ,0,,-1,,0.0,False,-1,,0.0,False,,True,,False,160768.0,,160768.0,0,False,True
C,A,20150101,2015,52,2015,156,,,M,,0,,,682,,,H4,HS,True,TOTAL,,,,C00,,0 ,0,,-1,,0.0,False,-1,,0.0,False,,True,,False,28262947206.0,,28262947206.0,0,False,True
C,A,20150101,2015,52,2015,156,,,M,,0,,,686,,,H4,HS,True,TOTAL,,,,C00,,0 ,0,,-1,,0.0,False,-1,,0.0,False,,True,,False,130467237.0,,130467237.0,0,False,True
C,A,20150101,2015,52,2015,156,,,M,,0,,,688,,,H4,HS,True,TOTAL,,,,C00,,0 ,0,,-1,,0.0,False,-1,,0.0,False,,True,,False,12513535.0,,12513535.0,0,False,True
C,A,20150101,2015,52,2015,156,,,M,,0,,,690,,,H4,HS,True,TOTAL,,,,C00,,0 ,0,,-1,,0.0,False,-1,,0.0,False,,True,,False,2800228.0,,2800228.0,0,False,True
C,A,20150101,2015,52,2015,156,,,M,,0,,,699,,,H4,HS,True,TOTAL,,,,C00,,0 ,0,,-1,,0.0,False,-1,,0.0,False,,True,,False,10134500787.0,,10134500787.0,0,False,True
C,A,20150101,2015,52,2015,156,,,M,,0,,,702,,,H4,HS,True,TOTAL,,,,C00,,0 ,0,,-1,,0.0,False,-1,,0.0,False,,True,,False,46926363807.0,,46926363807.0,0,False,True
C,A,20150101,2015,52,2015,156,,,M,,0,,,703,,,H4,HS,True,TOTAL,,,,C00,,0 ,0,,-1,,0.0,False,-1,,0.0,False,,True,,False,188653824.0,,188653824.0,0,False,True
C,A,20150101,2015,52,2015,156,,,M,,0,,,704,,,H4,HS,True,TOTAL,,,,C00,,0 ,0,,-1,,0.0,False,-1,,0.0,False,,True,,False,21798773002.0,,21798773002.0,0,False,True
C,A,20150101,2015,52,2015,156,,,M,,0,,,705,,,H4,HS,True,TOTAL,,,,C00,,0 ,0,,-1,,0.0,False,-1,,0.0,False,,True,,False,1294174174.0,,1294174174.0,0,False,True
C,A,20150101,2015,52,2015,156,,,M,,0,,,706,,,H4,HS,True,TOTAL,,,,C00,,0 ,0,,-1,,0.0,False,-1,,0.0,False,,True,,False,17934979.0,,17934979.0,0,False,True
C,A,20150101,2015,52,2015,156,,,M,,0,,,710,,,H4,HS,True,TOTAL,,,,C00,,0 ,0,,-1,,0.0,False,-1,,0.0,False,,True,,False,11134410200.0,,11134410200.0,0,False,True
C,A,20150101,2015,52,2015,156,,,M,,0,,,716,,,H4,HS,True,TOTAL,,,,C00,,0 ,0,,-1,,0.0,False,-1,,0.0,False,,True,,False,259658331.0,,259658331.0,0,False,True
C,A,20150101,2015,52,2015,156,,,M,,0,,,729,,,H4,HS,True,TOTAL,,,,C00,,0 ,0,,-1,,0.0,False,-1,,0.0,False,,True,,False,1601351037.0,,1601351037.0,0,False,True
C,A,20150101,2015,52,2015,156,,,M,,0,,,724,,,H4,HS,True,TOTAL,,,,C00,,0 ,0,,-1,,0.0,False,-1,,0.0,False,,True,,False,5339450159.0,,5339450159.0,0,False,True
C,A,20150101,2015,52,2015,156,,,M,,0,,,740,,,H4,HS,True,TOTAL,,,,C00,,0 ,0,,-1,,0.0,False,-1,,0.0,False,,True,,False,49874359.0,,49874359.0,0,False,True
C,A,20150101,2015,52,2015,156,,,M,,0,,,752,,,H4,HS,True,TOTAL,,,,C00,,0 ,0,,-1,,0.0,False,-1,,0.0,False,,True,,False,4892980056.0,,4892980056.0,0,False,True
C,A,20150101,2015,52,2015,156,,,M,,0,,,757,,,H4,HS,True,TOTAL,,,,C00,,0 ,0,,-1,,0.0,False,-1,,0.0,False,,True,,False,15864674709.0,,15864674709.0,0,False,True
C,A,20150101,2015,52,2015,156,,,M,,0,,,760,,,H4,HS,True,TOTAL,,,,C00,,0 ,0,,-1,,0.0,False,-1,,0.0,False,,True,,False,3687969.0,,3687969.0,0,False,True
C,A,20150101,2015,52,2015,156,,,M,,0,,,762,,,H4,HS,True,TOTAL,,,,C00,,0 ,0,,-1,,0.0,False,-1,,0.0,False,,True,,False,44162073.0,,44162073.0,0,False,True
C,A,20150101,2015,52,2015,156,,,M,,0,,,764,,,H4,HS,True,TOTAL,,,,C00,,0 ,0,,-1,,0.0,False,-1,,0.0,False,,True,,False,25049188636.0,,25049188636.0,0,False,True
C,A,20150101,2015,52,2015,156,,,M,,0,,,780,,,H4,HS,True,TOTAL,,,,C00,,0 ,0,,-1,,0.0,False,-1,,0.0,False,,True,,False,158609298.0,,158609298.0,0,False,True
C,A,20150101,2015,52,2015,156,,,M,,0,,,768,,,H4,HS,True,TOTAL,,,,C00,,0 ,0,,-1,,0.0,False,-1,,0.0,False,,True,,False,227032622.0,,227032622.0,0,False,True
C,A,20150101,2015,52,2015,156,,,M,,0,,,784,,,H4,HS,True,TOTAL,,,,C00,,0 ,0,,-1,,0.0,False,-1,,0.0,False,,True,,False,14550725957.0,,14550725957.0,0,False,True
C,A,20150101,2015,52,2015,156,,,M,,0,,,788,,,H4,HS,True,TOTAL,,,,C00,,0 ,0,,-1,,0.0,False,-1,,0.0,False,,True,,False,62492217.0,,62492217.0,0,False,True
C,A,20150101,2015,52,2015,156,,,M,,0,,,792,,,H4,HS,True,TOTAL,,,,C00,,0 ,0,,-1,,0.0,False,-1,,0.0,False,,True,,False,2676639021.0,,2676639021.0,0,False,True
C,A,20150101,2015,52,2015,156,,,M,,0,,,795,,,H4,HS,True,TOTAL,,,,C00,,0 ,0,,-1,,0.0,False,-1,,0.0,False,,True,,False,7715148729.0,,7715148729.0,0,False,True
C,A,20150101,2015,52,2015,156,,,M,,0,,,800,,,H4,HS,True,TOTAL,,,,C00,,0 ,0,,-1,,0.0,False,-1,,0.0,False,,True,,False,55438357.0,,55438357.0,0,False,True
C,A,20150101,2015,52,2015,156,,,M,,0,,,804,,,H4,HS,True,TOTAL,,,,C00,,0 ,0,,-1,,0.0,False,-1,,0.0,False,,True,,False,3592825145.0,,3592825145.0,0,False,True
C,A,20150101,2015,52,2015,156,,,M,,0,,,807,,,H4,HS,True,TOTAL,,,,C00,,0 ,0,,-1,,0.0,False,-1,,0.0,False,,True,,False,2004259.0,,2004259.0,0,False,True
C,A,20150101,2015,52,2015,156,,,M,,0,,,818,,,H4,HS,True,TOTAL,,,,C00,,0 ,0,,-1,,0.0,False,-1,,0.0,False,,True,,False,889209238.0,,889209238.0,0,False,True
C,A,20150101,2015,52,2015,156,,,M,,0,,,826,,,H4,HS,True,TOTAL,,,,C00,,0 ,0,,-1,,0.0,False,-1,,0.0,False,,True,,False,26795582947.0,,26795582947.0,0,False,True
C,A,20150101,2015,52,2015,156,,,M,,0,,,834,,,H4,HS,True,TOTAL,,,,C00,,0 ,0,,-1,,0.0,False,-1,,0.0,False,,True,,False,1290287328.0,,1290287328.0,0,False,True
C,A,20150101,2015,52,2015,156,,,M,,0,,,842,,,H4,HS,True,TOTAL,,,,C00,,0 ,0,,-1,,0.0,False,-1,,0.0,False,,True,,False,124478513337.0,,124478513337.0,0,False,True
C,A,20150101,2015,52,2015,156,,,M,,0,,,858,,,H4,HS,True,TOTAL,,,,C00,,0 ,0,,-1,,0.0,False,-1,,0.0,False,,True,,False,3836987250.0,,3836987250.0,0,False,True
C,A,20150101,2015,52,2015,156,,,M,,0,,,860,,,H4,HS,True,TOTAL,,,,C00,,0 ,0,,-1,,0.0,False,-1,,0.0,False,,True,,False,1064746412.0,,1064746412.0,0,False,True
C,A,20150101,2015,52,2015,156,,,M,,0,,,862,,,H4,HS,True,TOTAL,,,,C00,,0 ,0,,-1,,0.0,False,-1,,0.0,False,,True,,False,4671587097.0,,4671587097.0,0,False,True
C,A,20150101,2015,52,2015,156,,,M,,0,,,882,,,H4,HS,True,TOTAL,,,,C00,,0 ,0,,-1,,0.0,False,-1,,0.0,False,,True,,False,2867378.0,,2867378.0,0,False,True
C,A,20150101,2015,52,2015,156,,,M,,0,,,887,,,H4,HS,True,TOTAL,,,,C00,,0 ,0,,-1,,0.0,False,-1,,0.0,False,,True,,False,852469745.0,,852469745.0,0,False,True
C,A,20150101,2015,52,2015,156,,,M,,0,,,894,,,H4,HS,True,TOTAL,,,,C00,,0 ,0,,-1,,0.0,False,-1,,0.0,False,,True,,False,118847474.0,,118847474.0,0,False,True
C,A,20160101,2016,52,2016,156,,,M,,0,,,454,,,H4,HS,True,TOTAL,,,,C00,,0,0,,-1,,0.0,False,-1,,0.0,False,0.0,True,0.0,False,2064062.0,0.0,2064062.0,4,False,True
C,A,20160101,2016,52,2016,156,,,M,,0,,,882,,,H4,HS,True,TOTAL,,,,C00,,0,0,,-1,,0.0,False,-1,,0.0,False,0.0,True,0.0,False,11300771.0,0.0,11300771.0,4,False,True
C,A,20160101,2016,52,2016,156,,,M,,0,,,583,,,H4,HS,True,TOTAL,,,,C00,,0,0,,-1,,0.0,False,-1,,0.0,False,0.0,True,0.0,False,13140747.0,0.0,13140747.0,4,False,True
C,A,20160101,2016,52,2016,156,,,M,,0,,,72,,,H4,HS,True,TOTAL,,,,C00,,0,0,,-1,,0.0,False,-1,,0.0,False,0.0,True,0.0,False,2292013.0,0.0,2292013.0,4,False,True
C,A,20160101,2016,52,2016,156,,,M,,0,,,462,,,H4,HS,True,TOTAL,,,,C00,,0,0,,-1,,0.0,False,-1,,0.0,False,0.0,True,0.0,False,261338.0,0.0,261338.0,4,False,True
C,A,20160101,2016,52,2016,156,,,M,,0,,,8,,,H4,HS,True,TOTAL,,,,C00,,0,0,,-1,,0.0,False,-1,,0.0,False,0.0,True,0.0,False,121206990.0,0.0,121206990.0,4,False,True
C,A,20160101,2016,52,2016,156,,,M,,0,,,84,,,H4,HS,True,TOTAL,,,,C00,,0,0,,-1,,0.0,False,-1,,0.0,False,0.0,True,0.0,False,673768.0,0.0,673768.0,4,False,True
C,A,20160101,2016,52,2016,156,,,M,,0,,,174,,,H4,HS,True,TOTAL,,,,C00,,0,0,,-1,,0.0,False,-1,,0.0,False,0.0,False,0.0,False,28845.0,0.0,28845.0,0,False,True
C,A,20160101,2016,52,2016,156,,,M,,0,,,275,,,H4,HS,True,TOTAL,,,,C00,,0,0,,-1,,0.0,False,-1,,0.0,False,0.0,True,0.0,False,394975.0,0.0,394975.0,4,False,True
C,A,20160101,2016,52,2016,156,,,M,,0,,,450,,,H4,HS,True,TOTAL,,,,C00,,0,0,,-1,,0.0,False,-1,,0.0,False,0.0,True,0.0,False,144546572.0,0.0,144546572.0,4,False,True
C,A,20160101,2016,52,2016,156,,,M,,0,,,600,,,H4,HS,True,TOTAL,,,,C00,,0,0,,-1,,0.0,False,-1,,0.0,False,0.0,True,0.0,False,15669475.0,0.0,15669475.0,4,False,True
C,A,20160101,2016,52,2016,156,,,M,,0,,,690,,,H4,HS,True,TOTAL,,,,C00,,0,0,,-1,,0.0,False,-1,,0.0,False,0.0,True,0.0,False,3730676.0,0.0,3730676.0,4,False,True
C,A,20160101,2016,52,2016,156,,,M,,0,,,548,,,H4,HS,True,TOTAL,,,,C00,,0,0,,-1,,0.0,False,-1,,0.0,False,0.0,True,0.0,False,1804369.0,0.0,1804369.0,4,False,True
C,A,20160101,2016,52,2016,156,,,M,,0,,,670,,,H4,HS,True,TOTAL,,,,C00,,0,0,,-1,,0.0,False,-1,,0.0,False,0.0,True,0.0,False,62505.0,0.0,62505.0,4,False,True
C,A,20160101,2016,52,2016,156,,,M,,0,,,68,,,H4,HS,True,TOTAL,,,,C00,,0,0,,-1,,0.0,False,-1,,0.0,False,0.0,True,0.0,False,88684425.0,0.0,88684425.0,4,False,True
C,A,20160101,2016,52,2016,156,,,M,,0,,,500,,,H4,HS,True,TOTAL,,,,C00,,0,0,,-1,,0.0,False,-1,,0.0,False,0.0,False,0.0,False,307.0,0.0,307.0,0,False,True
C,A,20160101,2016,52,2016,156,,,M,,0,,,90,,,H4,HS,True,TOTAL,,,,C00,,0,0,,-1,,0.0,False,-1,,0.0,False,0.0,True,0.0,False,374277708.0,0.0,374277708.0,4,False,True
C,A,20160101,2016,52,2016,156,,,M,,0,,,156,,,H4,HS,True,TOTAL,,,,C00,,0,0,,-1,,0.0,False,-1,,0.0,False,0.0,True,0.0,False,348910836.0,0.0,348910836.0,4,False,True
C,A,20160101,2016,52,2016,156,,,M,,0,,,336,,,H4,HS,True,TOTAL,,,,C00,,0,0,,-1,,0.0,False,-1,,0.0,False,0.0,False,0.0,False,7.0,0.0,7.0,0,False,True
C,A,20160101,2016,52,2016,156,,,M,,0,,,332,,,H4,HS,True,TOTAL,,,,C00,,0,0,,-1,,0.0,False,-1,,0.0,False,0.0,True,0.0,False,4846467.0,0.0,4846467.0,4,False,True
C,A,20160101,2016,52,2016,156,,,M,,0,,,626,,,H4,HS,True,TOTAL,,,,C00,,0,0,,-1,,0.0,False,-1,,0.0,False,0.0,True,0.0,False,253788.0,0.0,253788.0,4,False,True
C,A,20160101,2016,52,2016,156,,,M,,0,,,308,,,H4,HS,True,TOTAL,,,,C00,,0,0,,-1,,0.0,False,-1,,0.0,False,0.0,False,0.0,False,1568.0,0.0,1568.0,0,False,True
C,A,20160101,2016,52,2016,156,,,M,,0,,,400,,,H4,HS,True,TOTAL,,,,C00,,0,0,,-1,,0.0,False,-1,,0.0,False,0.0,True,0.0,False,204415508.0,0.0,204415508.0,4,False,True
C,A,20160101,2016,52,2016,156,,,M,,0,,,258,,,H4,HS,True,TOTAL,,,,C00,,0,0,,-1,,0.0,False,-1,,0.0,False,0.0,True,0.0,False,541133.0,0.0,541133.0,4,False,True
C,A,20160101,2016,52,2016,156,,,M,,0,,,208,,,H4,HS,True,TOTAL,,,,C00,,0,0,,-1,,0.0,False,-1,,0.0,False,0.0,True,0.0,False,4261228959.0,0.0,4261228959.0,4,False,True
C,A,20160101,2016,52,2016,156,,,M,,0,,,242,,,H4,HS,True,TOTAL,,,,C00,,0,0,,-1,,0.0,False,-1,,0.0,False,0.0,True,0.0,False,18549467.0,0.0,18549467.0,4,False,True
C,A,20160101,2016,52,2016,156,,,M,,0,,,674,,,H4,HS,True,TOTAL,,,,C00,,0,0,,-1,,0.0,False,-1,,0.0,False,0.0,True,0.0,False,463313.0,0.0,463313.0,4,False,True
C,A,20160101,2016,52,2016,156,,,M,,0,,,292,,,H4,HS,True,TOTAL,,,,C00,,0,0,,-1,,0.0,False,-1,,0.0,False,0.0,True,0.0,False,11127.0,0.0,11127.0,4,False,True
C,A,20160101,2016,52,2016,156,,,M,,0,,,328,,,H4,HS,True,TOTAL,,,,C00,,0,0,,-1,,0.0,False,-1,,0.0,False,0.0,True,0.0,False,26493408.0,0.0,26493408.0,4,False,True
C,A,20160101,2016,52,2016,156,,,M,,0,,,422,,,H4,HS,True,TOTAL,,,,C00,,0,0,,-1,,0.0,False,-1,,0.0,False,0.0,True,0.0,False,230152068.0,0.0,230152068.0,4,False,True
C,A,20160101,2016,52,2016,156,,,M,,0,,,531,,,H4,HS,True,TOTAL,,,,C00,,0,0,,-1,,0.0,False,-1,,0.0,False,0.0,True,0.0,False,230402211.0,0.0,230402211.0,4,False,True
C,A,20160101,2016,52,2016,156,,,M,,0,,,818,,,H4,HS,True,TOTAL,,,,C00,,0,0,,-1,,0.0,False,-1,,0.0,False,0.0,True,0.0,False,572258269.0,0.0,572258269.0,4,False,True
C,A,20160101,2016,52,2016,156,,,M,,0,,,70,,,H4,HS,True,TOTAL,,,,C00,,0,0,,-1,,0.0,False,-1,,0.0,False,0.0,True,0.0,False,7390015.0,0.0,7390015.0,4,False,True
C,A,20160101,2016,52,2016,156,,,M,,0,,,585,,,H4,HS,True,TOTAL,,,,C00,,0,0,,-1,,0.0,False,-1,,0.0,False,0.0,True,0.0,False,30441.0,0.0,30441.0,4,False,True
C,A,20160101,2016,52,2016,156,,,M,,0,,,64,,,H4,HS,True,TOTAL,,,,C00,,0,0,,-1,,0.0,False,-1,,0.0,False,0.0,True,0.0,False,5951.0,0.0,5951.0,4,False,True
C,A,20160101,2016,52,2016,156,,,M,,0,,,218,,,H4,HS,True,TOTAL,,,,C00,,0,0,,-1,,0.0,False,-1,,0.0,False,0.0,True,0.0,False,896875788.0,0.0,896875788.0,4,False,True
C,A,20160101,2016,52,2016,156,,,M,,0,,,662,,,H4,HS,True,TOTAL,,,,C00,,0,0,,-1,,0.0,False,-1,,0.0,False,0.0,True,0.0,False,13174.0,0.0,13174.0,4,False,True
C,A,20160101,2016,52,2016,156,,,M,,0,,,520,,,H4,HS,True,TOTAL,,,,C00,,0,0,,-1,,0.0,False,-1,,0.0,False,0.0,False,0.0,False,3.0,0.0,3.0,0,False,True
C,A,20160101,2016,52,2016,156,,,M,,0,,,108,,,H4,HS,True,TOTAL,,,,C00,,0,0,,-1,,0.0,False,-1,,0.0,False,0.0,True,0.0,False,1199603.0,0.0,1199603.0,4,False,True
C,A,20160101,2016,52,2016,156,,,M,,0,,,894,,,H4,HS,True,TOTAL,,,,C00,,0,0,,-1,,0.0,False,-1,,0.0,False,0.0,True,0.0,False,277555787.0,0.0,277555787.0,4,False,True
C,A,20160101,2016,52,2016,156,,,M,,0,,,434,,,H4,HS,True,TOTAL,,,,C00,,0,0,,-1,,0.0,False,-1,,0.0,False,0.0,True,0.0,False,203884684.0,0.0,203884684.0,4,False,True
C,A,20160101,2016,52,2016,156,,,M,,0,,,624,,,H4,HS,True,TOTAL,,,,C00,,0,0,,-1,,0.0,False,-1,,0.0,False,0.0,True,0.0,False,227795.0,0.0,227795.0,4,False,True
C,A,20160101,2016,52,2016,156,,,M,,0,,,533,,,H4,HS,True,TOTAL,,,,C00,,0,0,,-1,,0.0,False,-1,,0.0,False,0.0,True,0.0,False,56812502.0,0.0,56812502.0,4,False,True
C,A,20160101,2016,52,2016,156,,,M,,0,,,728,,,H4,HS,True,TOTAL,,,,C00,,0,0,,-1,,0.0,False,-1,,0.0,False,0.0,True,0.0,False,1077194758.0,0.0,1077194758.0,4,False,True
C,A,20160101,2016,52,2016,156,,,M,,0,,,796,,,H4,HS,True,TOTAL,,,,C00,,0,0,,-1,,0.0,False,-1,,0.0,False,0.0,False,0.0,False,394.0,0.0,394.0,0,False,True
C,A,20160101,2016,52,2016,156,,,M,,0,,,136,,,H4,HS,True,TOTAL,,,,C00,,0,0,,-1,,0.0,False,-1,,0.0,False,0.0,False,0.0,False,4047.0,0.0,4047.0,0,False,True
C,A,20160101,2016,52,2016,156,,,M,,0,,,51,,,H4,HS,True,TOTAL,,,,C00,,0,0,,-1,,0.0,False,-1,,0.0,False,0.0,True,0.0,False,18139899.0,0.0,18139899.0,4,False,True
C,A,20160101,2016,52,2016,156,,,M,,0,,,854,,,H4,HS,True,TOTAL,,,,C00,,0,0,,-1,,0.0,False,-1,,0.0,False,0.0,True,0.0,False,90451.0,0.0,90451.0,4,False,True
C,A,20160101,2016,52,2016,156,,,M,,0,,,798,,,H4,HS,True,TOTAL,,,,C00,,0,0,,-1,,0.0,False,-1,,0.0,False,0.0,True,0.0,False,1994721.0,0.0,1994721.0,4,False,True
C,A,20160101,2016,52,2016,156,,,M,,0,,,428,,,H4,HS,True,TOTAL,,,,C00,,0,0,,-1,,0.0,False,-1,,0.0,False,0.0,True,0.0,False,153028471.0,0.0,153028471.0,4,False,True
C,A,20160101,2016,52,2016,156,,,M,,0,,,48,,,H4,HS,True,TOTAL,,,,C00,,0,0,,-1,,0.0,False,-1,,0.0,False,0.0,True,0.0,False,146147294.0,0.0,146147294.0,4,False,True
C,A,20160101,2016,52,2016,156,,,M,,0,,,508,,,H4,HS,True,TOTAL,,,,C00,,0,0,,-1,,0.0,False,-1,,0.0,False,0.0,True,0.0,False,1698761143.0,0.0,1698761143.0,4,False,True
C,A,20160101,2016,52,2016,156,,,M,,0,,,50,,,H4,HS,True,TOTAL,,,,C00,,0,0,,-1,,0.0,False,-1,,0.0,False,0.0,True,0.0,False,716372199.0,0.0,716372199.0,4,False,True
C,A,20160101,2016,52,2016,156,,,M,,0,,,212,,,H4,HS,True,TOTAL,,,,C00,,0,0,,-1,,0.0,False,-1,,0.0,False,0.0,True,0.0,False,24408.0,0.0,24408.0,4,False,True
C,A,20160101,2016,52,2016,156,,,M,,0,,,132,,,H4,HS,True,TOTAL,,,,C00,,0,0,,-1,,0.0,False,-1,,0.0,False,0.0,True,0.0,False,885.0,0.0,885.0,4,False,True
C,A,20160101,2016,52,2016,156,,,M,,0,,,740,,,H4,HS,True,TOTAL,,,,C00,,0,0,,-1,,0.0,False,-1,,0.0,False,0.0,True,0.0,False,28271407.0,0.0,28271407.0,4,False,True
C,A,20160101,2016,52,2016,156,,,M,,0,,,716,,,H4,HS,True,TOTAL,,,,C00,,0,0,,-1,,0.0,False,-1,,0.0,False,0.0,True,0.0,False,236825807.0,0.0,236825807.0,4,False,True
C,A,20160101,2016,52,2016,156,,,M,,0,,,499,,,H4,HS,True,TOTAL,,,,C00,,0,0,,-1,,0.0,False,-1,,0.0,False,0.0,True,0.0,False,51952410.0,0.0,51952410.0,4,False,True
C,A,20160101,2016,52,2016,156,,,M,,0,,,112,,,H4,HS,True,TOTAL,,,,C00,,0,0,,-1,,0.0,False,-1,,0.0,False,0.0,True,0.0,False,73050486.0,0.0,73050486.0,4,False,True
C,A,20160101,2016,52,2016,156,,,M,,0,,,524,,,H4,HS,True,TOTAL,,,,C00,,0,0,,-1,,0.0,False,-1,,0.0,False,0.0,True,0.0,False,20695834.0,0.0,20695834.0,4,False,True
C,A,20160101,2016,52,2016,156,,,M,,0,,,20,,,H4,HS,True,TOTAL,,,,C00,,0,0,,-1,,0.0,False,-1,,0.0,False,0.0,True,0.0,False,1277.0,0.0,1277.0,4,False,True
C,A,20160101,2016,52,2016,156,,,M,,0,,,28,,,H4,HS,True,TOTAL,,,,C00,,0,0,,-1,,0.0,False,-1,,0.0,False,0.0,True,0.0,False,41982.0,0.0,41982.0,4,False,True
C,A,20160101,2016,52,2016,156,,,M,,0,,,418,,,H4,HS,True,TOTAL,,,,C00,,0,0,,-1,,0.0,False,-1,,0.0,False,0.0,True,0.0,False,702606083.0,0.0,702606083.0,4,False,True
C,A,20160101,2016,52,2016,156,,,M,,0,,,12,,,H4,HS,True,TOTAL,,,,C00,,0,0,,-1,,0.0,False,-1,,0.0,False,0.0,True,0.0,False,333354352.0,0.0,333354352.0,4,False,True
C,A,20160101,2016,52,2016,156,,,M,,0,,,352,,,H4,HS,True,TOTAL,,,,C00,,0,0,,-1,,0.0,False,-1,,0.0,False,0.0,True,0.0,False,82682655.0,0.0,82682655.0,4,False,True
C,A,20160101,2016,52,2016,156,,,M,,0,,,496,,,H4,HS,True,TOTAL,,,,C00,,0,0,,-1,,0.0,False,-1,,0.0,False,0.0,True,0.0,False,3622452863.0,0.0,3622452863.0,4,False,True
C,A,20160101,2016,52,2016,156,,,M,,0,,,760,,,H4,HS,True,TOTAL,,,,C00,,0,0,,-1,,0.0,False,-1,,0.0,False,0.0,True,0.0,False,2784928.0,0.0,2784928.0,4,False,True
C,A,20160101,2016,52,2016,156,,,M,,0,,,52,,,H4,HS,True,TOTAL,,,,C00,,0,0,,-1,,0.0,False,-1,,0.0,False,0.0,True,0.0,False,17545489.0,0.0,17545489.0,4,False,True
C,A,20160101,2016,52,2016,156,,,M,,0,,,795,,,H4,HS,True,TOTAL,,,,C00,,0,0,,-1,,0.0,False,-1,,0.0,False,0.0,True,0.0,False,5499009744.0,0.0,5499009744.0,4,False,True
C,A,20160101,2016,52,2016,156,,,M,,0,,,659,,,H4,HS,True,TOTAL,,,,C00,,0,0,,-1,,0.0,False,-1,,0.0,False,0.0,True,0.0,False,373443.0,0.0,373443.0,4,False,True
C,A,20160101,2016,52,2016,156,,,M,,0,,,32,,,H4,HS,True,TOTAL,,,,C00,,0,0,,-1,,0.0,False,-1,,0.0,False,0.0,True,0.0,False,4917706874.0,0.0,4917706874.0,4,False,True
C,A,20160101,2016,52,2016,156,,,M,,0,,,414,,,H4,HS,True,TOTAL,,,,C00,,0,0,,-1,,0.0,False,-1,,0.0,False,0.0,True,0.0,False,6495153606.0,0.0,6495153606.0,4,False,True
C,A,20160101,2016,52,2016,156,,,M,,0,,,535,,,H4,HS,True,TOTAL,,,,C00,,0,0,,-1,,0.0,False,-1,,0.0,False,0.0,False,0.0,False,8.0,0.0,8.0,0,False,True
C,A,20160101,2016,52,2016,156,,,M,,0,,,408,,,H4,HS,True,TOTAL,,,,C00,,0,0,,-1,,0.0,False,-1,,0.0,False,0.0,True,0.0,False,2578509857.0,0.0,2578509857.0,4,False,True
C,A,20160101,2016,52,2016,156,,,M,,0,,,222,,,H4,HS,True,TOTAL,,,,C00,,0,0,,-1,,0.0,False,-1,,0.0,False,0.0,True,0.0,False,9837329.0,0.0,9837329.0,4,False,True
C,A,20160101,2016,52,2016,156,,,M,,0,,,44,,,H4,HS,True,TOTAL,,,,C00,,0,0,,-1,,0.0,False,-1,,0.0,False,0.0,True,0.0,False,705804258.0,0.0,705804258.0,4,False,True
C,A,20160101,2016,52,2016,156,,,M,,0,,,60,,,H4,HS,True,TOTAL,,,,C00,,0,0,,-1,,0.0,False,-1,,0.0,False,0.0,False,0.0,False,1458.0,0.0,1458.0,0,False,True
C,A,20160101,2016,52,2016,156,,,M,,0,,,140,,,H4,HS,True,TOTAL,,,,C00,,0,0,,-1,,0.0,False,-1,,0.0,False,0.0,True,0.0,False,630363.0,0.0,630363.0,4,False,True
C,A,20160101,2016,52,2016,156,,,M,,0,,,214,,,H4,HS,True,TOTAL,,,,C00,,0,0,,-1,,0.0,False,-1,,0.0,False,0.0,True,0.0,False,82538271.0,0.0,82538271.0,4,False,True
C,A,20160101,2016,52,2016,156,,,M,,0,,,184,,,H4,HS,True,TOTAL,,,,C00,,0,0,,-1,,0.0,False,-1,,0.0,False,0.0,True,0.0,False,160170.0,0.0,160170.0,4,False,True
C,A,20160101,2016,52,2016,156,,,M,,0,,,498,,,H4,HS,True,TOTAL,,,,C00,,0,0,,-1,,0.0,False,-1,,0.0,False,0.0,True,0.0,False,5512077.0,0.0,5512077.0,4,False,True
C,A,20160101,2016,52,2016,156,,,M,,0,,,706,,,H4,HS,True,TOTAL,,,,C00,,0,0,,-1,,0.0,False,-1,,0.0,False,0.0,True,0.0,False,9938594.0,0.0,9938594.0,4,False,True
C,A,20160101,2016,52,2016,156,,,M,,0,,,232,,,H4,HS,True,TOTAL,,,,C00,,0,0,,-1,,0.0,False,-1,,0.0,False,0.0,True,0.0,False,166958962.0,0.0,166958962.0,4,False,True
C,A,20160101,2016,52,2016,156,,,M,,0,,,807,,,H4,HS,True,TOTAL,,,,C00,,0,0,,-1,,0.0,False,-1,,0.0,False,0.0,True,0.0,False,5374893.0,0.0,5374893.0,4,False,True
C,A,20160101,2016,52,2016,156,,,M,,0,,,776,,,H4,HS,True,TOTAL,,,,C00,,0,0,,-1,,0.0,False,-1,,0.0,False,0.0,True,0.0,False,24135.0,0.0,24135.0,4,False,True
C,A,20160101,2016,52,2016,156,,,M,,0,,,426,,,H4,HS,True,TOTAL,,,,C00,,0,0,,-1,,0.0,False,-1,,0.0,False,0.0,True,0.0,False,1210713.0,0.0,1210713.0,4,False,True
C,A,20160101,2016,52,2016,156,,,M,,0,,,762,,,H4,HS,True,TOTAL,,,,C00,,0,0,,-1,,0.0,False,-1,,0.0,False,0.0,True,0.0,False,31128288.0,0.0,31128288.0,4,False,True
C,A,20160101,2016,52,2016,156,,,M,,0,,,296,,,H4,HS,True,TOTAL,,,,C00,,0,0,,-1,,0.0,False,-1,,0.0,False,0.0,True,0.0,False,13808942.0,0.0,13808942.0,4,False,True
C,A,20160101,2016,52,2016,156,,,M,,0,,,92,,,H4,HS,True,TOTAL,,,,C00,,0,0,,-1,,0.0,False,-1,,0.0,False,0.0,True,0.0,False,64383.0,0.0,64383.0,4,False,True
C,A,20160101,2016,52,2016,156,,,M,,0,,,678,,,H4,HS,True,TOTAL,,,,C00,,0,0,,-1,,0.0,False,-1,,0.0,False,0.0,False,0.0,False,6.0,0.0,6.0,0,False,True
C,A,20160101,2016,52,2016,156,,,M,,0,,,800,,,H4,HS,True,TOTAL,,,,C00,,0,0,,-1,,0.0,False,-1,,0.0,False,0.0,True,0.0,False,18337509.0,0.0,18337509.0,4,False,True
C,A,20160101,2016,52,2016,156,,,M,,0,,,748,,,H4,HS,True,TOTAL,,,,C00,,0,0,,-1,,0.0,False,-1,,0.0,False,0.0,False,0.0,False,924.0,0.0,924.0,0,False,True
C,A,20160101,2016,52,2016,156,,,M,,0,,,591,,,H4,HS,True,TOTAL,,,,C00,,0,0,,-1,,0.0,False,-1,,0.0,False,0.0,True,0.0,False,781354361.0,0.0,781354361.0,4,False,True
C,A,20160101,2016,52,2016,156,,,M,,0,,,473,,,H4,HS,True,TOTAL,,,,C00,,0,0,,-1,,0.0,False,-1,,0.0,False,0.0,False,0.0,False,2160.0,0.0,2160.0,0,False,True
C,A,20160101,2016,52,2016,156,,,M,,0,,,637,,,H4,HS,True,TOTAL,,,,C00,,0,0,,-1,,0.0,False,-1,,0.0,False,0.0,True,0.0,False,9338.0,0.0,9338.0,4,False,True
C,A,20160101,2016,52,2016,156,,,M,,0,,,568,,,H4,HS,True,TOTAL,,,,C00,,0,0,,-1,,0.0,False,-1,,0.0,False,0.0,False,0.0,False,998.0,0.0,998.0,0,False,True
C,A,20160101,2016,52,2016,156,,,M,,0,,,899,,,H4,HS,True,TOTAL,,,,C00,,0,0,,-1,,0.0,False,-1,,0.0,False,0.0,False,0.0,False,7263.0,0.0,7263.0,0,False,True
C,A,20160101,2016,52,2016,156,,,M,,0,,,577,,,H4,HS,True,TOTAL,,,,C00,,0,0,,-1,,0.0,False,-1,,0.0,False,0.0,False,0.0,False,2635.0,0.0,2635.0,0,False,True
C,A,20160101,2016,52,2016,156,,,M,,0,,,148,,,H4,HS,True,TOTAL,,,,C00,,0,0,,-1,,0.0,False,-1,,0.0,False,0.0,True,0.0,False,69872.0,0.0,69872.0,4,False,True
C,A,20160101,2016,52,2016,156,,,M,,0,,,170,,,H4,HS,True,TOTAL,,,,C00,,0,0,,-1,,0.0,False,-1,,0.0,False,0.0,True,0.0,False,1522637319.0,0.0,1522637319.0,4,False,True
C,A,20160101,2016,52,2016,156,,,M,,0,,,270,,,H4,HS,True,TOTAL,,,,C00,,0,0,,-1,,0.0,False,-1,,0.0,False,0.0,True,0.0,False,89419238.0,0.0,89419238.0,4,False,True
C,A,20160101,2016,52,2016,156,,,M,,0,,,192,,,H4,HS,True,TOTAL,,,,C00,,0,0,,-1,,0.0,False,-1,,0.0,False,0.0,True,0.0,False,211690324.0,0.0,211690324.0,4,False,True
C,A,20160101,2016,52,2016,156,,,M,,0,,,784,,,H4,HS,True,TOTAL,,,,C00,,0,0,,-1,,0.0,False,-1,,0.0,False,0.0,True,0.0,False,13158856939.0,0.0,13158856939.0,4,False,True
C,A,20160101,2016,52,2016,156,,,M,,0,,,376,,,H4,HS,True,TOTAL,,,,C00,,0,0,,-1,,0.0,False,-1,,0.0,False,0.0,True,0.0,False,4871705337.0,0.0,4871705337.0,4,False,True
C,A,20160101,2016,52,2016,156,,,M,,0,,,586,,,H4,HS,True,TOTAL,,,,C00,,0,0,,-1,,0.0,False,-1,,0.0,False,0.0,True,0.0,False,1682191188.0,0.0,1682191188.0,4,False,True
C,A,20160101,2016,52,2016,156,,,M,,0,,,152,,,H4,HS,True,TOTAL,,,,C00,,0,0,,-1,,0.0,False,-1,,0.0,False,0.0,True,0.0,False,17218599137.0,0.0,17218599137.0,4,False,True
C,A,20160101,2016,52,2016,156,,,M,,0,,,404,,,H4,HS,True,TOTAL,,,,C00,,0,0,,-1,,0.0,False,-1,,0.0,False,0.0,True,0.0,False,114669386.0,0.0,114669386.0,4,False,True
C,A,20160101,2016,52,2016,156,,,M,,0,,,804,,,H4,HS,True,TOTAL,,,,C00,,0,0,,-1,,0.0,False,-1,,0.0,False,0.0,True,0.0,False,2467364283.0,0.0,2467364283.0,4,False,True
C,A,20160101,2016,52,2016,156,,,M,,0,,,380,,,H4,HS,True,TOTAL,,,,C00,,0,0,,-1,,0.0,False,-1,,0.0,False,0.0,True,0.0,False,12821789853.0,0.0,12821789853.0,4,False,True
C,A,20160101,2016,52,2016,156,,,M,,0,,,204,,,H4,HS,True,TOTAL,,,,C00,,0,0,,-1,,0.0,False,-1,,0.0,False,0.0,True,0.0,False,55645440.0,0.0,55645440.0,4,False,True
C,A,20160101,2016,52,2016,156,,,M,,0,,,120,,,H4,HS,True,TOTAL,,,,C00,,0,0,,-1,,0.0,False,-1,,0.0,False,0.0,True,0.0,False,448418308.0,0.0,448418308.0,4,False,True
C,A,20160101,2016,52,2016,156,,,M,,0,,,562,,,H4,HS,True,TOTAL,,,,C00,,0,0,,-1,,0.0,False,-1,,0.0,False,0.0,True,0.0,False,111079592.0,0.0,111079592.0,4,False,True
C,A,20160101,2016,52,2016,156,,,M,,0,,,554,,,H4,HS,True,TOTAL,,,,C00,,0,0,,-1,,0.0,False,-1,,0.0,False,0.0,True,0.0,False,6892062607.0,0.0,6892062607.0,4,False,True
C,A,20160101,2016,52,2016,156,,,M,,0,,,724,,,H4,HS,True,TOTAL,,,,C00,,0,0,,-1,,0.0,False,-1,,0.0,False,0.0,True,0.0,False,5898206821.0,0.0,5898206821.0,4,False,True
C,A,20160101,2016,52,2016,156,,,M,,0,,,231,,,H4,HS,True,TOTAL,,,,C00,,0,0,,-1,,0.0,False,-1,,0.0,False,0.0,True,0.0,False,372936996.0,0.0,372936996.0,4,False,True
C,A,20160101,2016,52,2016,156,,,M,,0,,,862,,,H4,HS,True,TOTAL,,,,C00,,0,0,,-1,,0.0,False,-1,,0.0,False,0.0,True,0.0,False,4278597523.0,0.0,4278597523.0,4,False,True
C,A,20160101,2016,52,2016,156,,,M,,0,,,566,,,H4,HS,True,TOTAL,,,,C00,,0,0,,-1,,0.0,False,-1,,0.0,False,0.0,True,0.0,False,761808292.0,0.0,761808292.0,4,False,True
C,A,20160101,2016,52,2016,156,,,M,,0,,,203,,,H4,HS,True,TOTAL,,,,C00,,0,0,,-1,,0.0,False,-1,,0.0,False,0.0,True,0.0,False,745767584.0,0.0,745767584.0,4,False,True
C,A,20160101,2016,52,2016,156,,,M,,0,,,384,,,H4,HS,True,TOTAL,,,,C00,,0,0,,-1,,0.0,False,-1,,0.0,False,0.0,True,0.0,False,85621471.0,0.0,85621471.0,4,False,True
C,A,20160101,2016,52,2016,156,,,M,,0,,,320,,,H4,HS,True,TOTAL,,,,C00,,0,0,,-1,,0.0,False,-1,,0.0,False,0.0,True,0.0,False,96422178.0,0.0,96422178.0,4,False,True
C,A,20160101,2016,52,2016,156,,,M,,0,,,584,,,H4,HS,True,TOTAL,,,,C00,,0,0,,-1,,0.0,False,-1,,0.0,False,0.0,True,0.0,False,59179564.0,0.0,59179564.0,4,False,True
C,A,20160101,2016,52,2016,156,,,M,,0,,,528,,,H4,HS,True,TOTAL,,,,C00,,0,0,,-1,,0.0,False,-1,,0.0,False,0.0,True,0.0,False,19150196947.0,0.0,19150196947.0,4,False,True
C,A,20160101,2016,52,2016,156,,,M,,0,,,233,,,H4,HS,True,TOTAL,,,,C00,,0,0,,-1,,0.0,False,-1,,0.0,False,0.0,True,0.0,False,228158931.0,0.0,228158931.0,4,False,True
C,A,20160101,2016,52,2016,156,,,M,,0,,,234,,,H4,HS,True,TOTAL,,,,C00,,0,0,,-1,,0.0,False,-1,,0.0,False,0.0,True,0.0,False,82214862.0,0.0,82214862.0,4,False,True
C,A,20160101,2016,52,2016,156,,,M,,0,,,24,,,H4,HS,True,TOTAL,,,,C00,,0,0,,-1,,0.0,False,-1,,0.0,False,0.0,True,0.0,False,13059632846.0,0.0,13059632846.0,4,False,True
C,A,20160101,2016,52,2016,156,,,M,,0,,,608,,,H4,HS,True,TOTAL,,,,C00,,0,0,,-1,,0.0,False,-1,,0.0,False,0.0,True,0.0,False,8795686066.0,0.0,8795686066.0,4,False,True
C,A,20160101,2016,52,2016,156,,,M,,0,,,4,,,H4,HS,True,TOTAL,,,,C00,,0,0,,-1,,0.0,False,-1,,0.0,False,0.0,True,0.0,False,2826489.0,0.0,2826489.0,4,False,True
C,A,20160101,2016,52,2016,156,,,M,,0,,,442,,,H4,HS,True,TOTAL,,,,C00,,0,0,,-1,,0.0,False,-1,,0.0,False,0.0,True,0.0,False,1134878822.0,0.0,1134878822.0,4,False,True
C,A,20160101,2016,52,2016,156,,,M,,0,,,516,,,H4,HS,True,TOTAL,,,,C00,,0,0,,-1,,0.0,False,-1,,0.0,False,0.0,True,0.0,False,291773320.0,0.0,291773320.0,4,False,True
C,A,20160101,2016,52,2016,156,,,M,,0,,,604,,,H4,HS,True,TOTAL,,,,C00,,0,0,,-1,,0.0,False,-1,,0.0,False,0.0,True,0.0,False,9294767669.0,0.0,9294767669.0,4,False,True
C,A,20160101,2016,52,2016,156,,,M,,0,,,188,,,H4,HS,True,TOTAL,,,,C00,,0,0,,-1,,0.0,False,-1,,0.0,False,0.0,True,0.0,False,180782104.0,0.0,180782104.0,4,False,True
C,A,20160101,2016,52,2016,156,,,M,,0,,,288,,,H4,HS,True,TOTAL,,,,C00,,0,0,,-1,,0.0,False,-1,,0.0,False,0.0,True,0.0,False,1307771018.0,0.0,1307771018.0,4,False,True
C,A,20160101,2016,52,2016,156,,,M,,0,,,710,,,H4,HS,True,TOTAL,,,,C00,,0,0,,-1,,0.0,False,-1,,0.0,False,0.0,True,0.0,False,10057317866.0,0.0,10057317866.0,4,False,True
C,A,20160101,2016,52,2016,156,,,M,,0,,,276,,,H4,HS,True,TOTAL,,,,C00,,0,0,,-1,,0.0,False,-1,,0.0,False,0.0,True,0.0,False,80720188594.0,0.0,80720188594.0,4,False,True
C,A,20160101,2016,52,2016,156,,,M,,0,,,31,,,H4,HS,True,TOTAL,,,,C00,,0,0,,-1,,0.0,False,-1,,0.0,False,0.0,True,0.0,False,4718628.0,0.0,4718628.0,4,False,True
C,A,20160101,2016,52,2016,156,,,M,,0,,,100,,,H4,HS,True,TOTAL,,,,C00,,0,0,,-1,,0.0,False,-1,,0.0,False,0.0,True,0.0,False,491638448.0,0.0,491638448.0,4,False,True
C,A,20160101,2016,52,2016,156,,,M,,0,,,484,,,H4,HS,True,TOTAL,,,,C00,,0,0,,-1,,0.0,False,-1,,0.0,False,0.0,True,0.0,False,5432326923.0,0.0,5432326923.0,4,False,True
C,A,20160101,2016,52,2016,156,,,M,,0,,,324,,,H4,HS,True,TOTAL,,,,C00,,0,0,,-1,,0.0,False,-1,,0.0,False,0.0,True,0.0,False,630014499.0,0.0,630014499.0,4,False,True
C,A,20160101,2016,52,2016,156,,,M,,0,,,348,,,H4,HS,True,TOTAL,,,,C00,,0,0,,-1,,0.0,False,-1,,0.0,False,0.0,True,0.0,False,793341101.0,0.0,793341101.0,4,False,True
C,A,20160101,2016,52,2016,156,,,M,,0,,,104,,,H4,HS,True,TOTAL,,,,C00,,0,0,,-1,,0.0,False,-1,,0.0,False,0.0,True,0.0,False,3978209615.0,0.0,3978209615.0,4,False,True
C,A,20160101,2016,52,2016,156,,,M,,0,,,478,,,H4,HS,True,TOTAL,,,,C00,,0,0,,-1,,0.0,False,-1,,0.0,False,0.0,True,0.0,False,747880634.0,0.0,747880634.0,4,False,True
C,A,20160101,2016,52,2016,156,,,M,,0,,,540,,,H4,HS,True,TOTAL,,,,C00,,0,0,,-1,,0.0,False,-1,,0.0,False,0.0,True,0.0,False,311247191.0,0.0,311247191.0,4,False,True
C,A,20160101,2016,52,2016,156,,,M,,0,,,860,,,H4,HS,True,TOTAL,,,,C00,,0,0,,-1,,0.0,False,-1,,0.0,False,0.0,True,0.0,False,1298542998.0,0.0,1298542998.0,4,False,True
C,A,20160101,2016,52,2016,156,,,M,,0,,,703,,,H4,HS,True,TOTAL,,,,C00,,0,0,,-1,,0.0,False,-1,,0.0,False,0.0,True,0.0,False,250666510.0,0.0,250666510.0,4,False,True
C,A,20160101,2016,52,2016,156,,,M,,0,,,398,,,H4,HS,True,TOTAL,,,,C00,,0,0,,-1,,0.0,False,-1,,0.0,False,0.0,True,0.0,False,4432194517.0,0.0,4432194517.0,4,False,True
C,A,20160101,2016,52,2016,156,,,M,,0,,,512,,,H4,HS,True,TOTAL,,,,C00,,0,0,,-1,,0.0,False,-1,,0.0,False,0.0,True,0.0,False,12225342072.0,0.0,12225342072.0,4,False,True
C,A,20160101,2016,52,2016,156,,,M,,0,,,344,,,H4,HS,True,TOTAL,,,,C00,,0,0,,-1,,0.0,False,-1,,0.0,False,0.0,True,0.0,False,389526918998.0,0.0,389526918998.0,4,False,True
C,A,20160101,2016,52,2016,156,,,M,,0,,,729,,,H4,HS,True,TOTAL,,,,C00,,0,0,,-1,,0.0,False,-1,,0.0,False,0.0,True,0.0,False,743010304.0,0.0,743010304.0,4,False,True
C,A,20160101,2016,52,2016,156,,,M,,0,,,470,,,H4,HS,True,TOTAL,,,,C00,,0,0,,-1,,0.0,False,-1,,0.0,False,0.0,True,0.0,False,66104384.0,0.0,66104384.0,4,False,True
C,A,20160101,2016,52,2016,156,,,M,,0,,,124,,,H4,HS,True,TOTAL,,,,C00,,0,0,,-1,,0.0,False,-1,,0.0,False,0.0,True,0.0,False,16601032240.0,0.0,16601032240.0,4,False,True
C,A,20160101,2016,52,2016,156,,,M,,0,,,768,,,H4,HS,True,TOTAL,,,,C00,,0,0,,-1,,0.0,False,-1,,0.0,False,0.0,True,0.0,False,119923462.0,0.0,119923462.0,4,False,True
C,A,20160101,2016,52,2016,156,,,M,,0,,,764,,,H4,HS,True,TOTAL,,,,C00,,0,0,,-1,,0.0,False,-1,,0.0,False,0.0,True,0.0,False,24389651946.0,0.0,24389651946.0,4,False,True
C,A,20160101,2016,52,2016,156,,,M,,0,,,887,,,H4,HS,True,TOTAL,,,,C00,,0,0,,-1,,0.0,False,-1,,0.0,False,0.0,True,0.0,False,81960130.0,0.0,81960130.0,4,False,True
C,A,20160101,2016,52,2016,156,,,M,,0,,,246,,,H4,HS,True,TOTAL,,,,C00,,0,0,,-1,,0.0,False,-1,,0.0,False,0.0,True,0.0,False,2701438358.0,0.0,2701438358.0,4,False,True
C,A,20160101,2016,52,2016,156,,,M,,0,,,262,,,H4,HS,True,TOTAL,,,,C00,,0,0,,-1,,0.0,False,-1,,0.0,False,0.0,True,0.0,False,40905037.0,0.0,40905037.0,4,False,True
C,A,20160101,2016,52,2016,156,,,M,,0,,,392,,,H4,HS,True,TOTAL,,,,C00,,0,0,,-1,,0.0,False,-1,,0.0,False,0.0,True,0.0,False,114908913605.0,0.0,114908913605.0,4,False,True
C,A,20160101,2016,52,2016,156,,,M,,0,,,266,,,H4,HS,True,TOTAL,,,,C00,,0,0,,-1,,0.0,False,-1,,0.0,False,0.0,True,0.0,False,1231116400.0,0.0,1231116400.0,4,False,True
C,A,20160101,2016,52,2016,156,,,M,,0,,,598,,,H4,HS,True,TOTAL,,,,C00,,0,0,,-1,,0.0,False,-1,,0.0,False,0.0,True,0.0,False,1624915324.0,0.0,1624915324.0,4,False,True
C,A,20160101,2016,52,2016,156,,,M,,0,,,144,,,H4,HS,True,TOTAL,,,,C00,,0,0,,-1,,0.0,False,-1,,0.0,False,0.0,True,0.0,False,207974578.0,0.0,207974578.0,4,False,True
C,A,20160101,2016,52,2016,156,,,M,,0,,,858,,,H4,HS,True,TOTAL,,,,C00,,0,0,,-1,,0.0,False,-1,,0.0,False,0.0,True,0.0,False,4253119210.0,0.0,4253119210.0,4,False,True
C,A,20160101,2016,52,2016,156,,,M,,0,,,40,,,H4,HS,True,TOTAL,,,,C00,,0,0,,-1,,0.0,False,-1,,0.0,False,0.0,True,0.0,False,1837952862.0,0.0,1837952862.0,4,False,True
C,A,20160101,2016,52,2016,156,,,M,,0,,,458,,,H4,HS,True,TOTAL,,,,C00,,0,0,,-1,,0.0,False,-1,,0.0,False,0.0,True,0.0,False,35833099073.0,0.0,35833099073.0,4,False,True
C,A,20160101,2016,52,2016,156,,,M,,0,,,834,,,H4,HS,True,TOTAL,,,,C00,,0,0,,-1,,0.0,False,-1,,0.0,False,0.0,True,0.0,False,647062043.0,0.0,647062043.0,4,False,True
C,A,20160101,2016,52,2016,156,,,M,,0,,,440,,,H4,HS,True,TOTAL,,,,C00,,0,0,,-1,,0.0,False,-1,,0.0,False,0.0,True,0.0,False,508887644.0,0.0,508887644.0,4,False,True
C,A,20160101,2016,52,2016,156,,,M,,0,,,116,,,H4,HS,True,TOTAL,,,,C00,,0,0,,-1,,0.0,False,-1,,0.0,False,0.0,True,0.0,False,587081428.0,0.0,587081428.0,4,False,True
C,A,20160101,2016,52,2016,156,,,M,,0,,,634,,,H4,HS,True,TOTAL,,,,C00,,0,0,,-1,,0.0,False,-1,,0.0,False,0.0,True,0.0,False,3885213625.0,0.0,3885213625.0,4,False,True
C,A,20160101,2016,52,2016,156,,,M,,0,,,300,,,H4,HS,True,TOTAL,,,,C00,,0,0,,-1,,0.0,False,-1,,0.0,False,0.0,True,0.0,False,297589188.0,0.0,297589188.0,4,False,True
C,A,20160101,2016,52,2016,156,,,M,,0,,,340,,,H4,HS,True,TOTAL,,,,C00,,0,0,,-1,,0.0,False,-1,,0.0,False,0.0,True,0.0,False,21420273.0,0.0,21420273.0,4,False,True
C,A,20160101,2016,52,2016,156,,,M,,0,,,646,,,H4,HS,True,TOTAL,,,,C00,,0,0,,-1,,0.0,False,-1,,0.0,False,0.0,True,0.0,False,1793113.0,0.0,1793113.0,4,False,True
C,A,20160101,2016,52,2016,156,,,M,,0,,,360,,,H4,HS,True,TOTAL,,,,C00,,0,0,,-1,,0.0,False,-1,,0.0,False,0.0,True,0.0,False,20831708288.0,0.0,20831708288.0,4,False,True
C,A,20160101,2016,52,2016,156,,,M,,0,,,268,,,H4,HS,True,TOTAL,,,,C00,,0,0,,-1,,0.0,False,-1,,0.0,False,0.0,True,0.0,False,387131883.0,0.0,387131883.0,4,False,True
C,A,20160101,2016,52,2016,156,,,M,,0,,,466,,,H4,HS,True,TOTAL,,,,C00,,0,0,,-1,,0.0,False,-1,,0.0,False,0.0,True,0.0,False,72896533.0,0.0,72896533.0,4,False,True
C,A,20160101,2016,52,2016,156,,,M,,0,,,642,,,H4,HS,True,TOTAL,,,,C00,,0,0,,-1,,0.0,False,-1,,0.0,False,0.0,True,0.0,False,611629437.0,0.0,611629437.0,4,False,True
C,A,20160101,2016,52,2016,156,,,M,,0,,,417,,,H4,HS,True,TOTAL,,,,C00,,0,0,,-1,,0.0,False,-1,,0.0,False,0.0,True,0.0,False,71077623.0,0.0,71077623.0,4,False,True
C,A,20160101,2016,52,2016,156,,,M,,0,,,430,,,H4,HS,True,TOTAL,,,,C00,,0,0,,-1,,0.0,False,-1,,0.0,False,0.0,True,0.0,False,50369208.0,0.0,50369208.0,4,False,True
C,A,20160101,2016,52,2016,156,,,M,,0,,,196,,,H4,HS,True,TOTAL,,,,C00,,0,0,,-1,,0.0,False,-1,,0.0,False,0.0,True,0.0,False,58454029.0,0.0,58454029.0,4,False,True
C,A,20160101,2016,52,2016,156,,,M,,0,,,36,,,H4,HS,True,TOTAL,,,,C00,,0,0,,-1,,0.0,False,-1,,0.0,False,0.0,True,0.0,False,64313006012.0,0.0,64313006012.0,4,False,True
C,A,20160101,2016,52,2016,156,,,M,,0,,,826,,,H4,HS,True,TOTAL,,,,C00,,0,0,,-1,,0.0,False,-1,,0.0,False,0.0,True,0.0,False,17145526138.0,0.0,17145526138.0,4,False,True
C,A,20160101,2016,52,2016,156,,,M,,0,,,558,,,H4,HS,True,TOTAL,,,,C00,,0,0,,-1,,0.0,False,-1,,0.0,False,0.0,True,0.0,False,15734691.0,0.0,15734691.0,4,False,True
C,A,20160101,2016,52,2016,156,,,M,,0,,,504,,,H4,HS,True,TOTAL,,,,C00,,0,0,,-1,,0.0,False,-1,,0.0,False,0.0,True,0.0,False,223137192.0,0.0,223137192.0,4,False,True
C,A,20160101,2016,52,2016,156,,,M,,0,,,780,,,H4,HS,True,TOTAL,,,,C00,,0,0,,-1,,0.0,False,-1,,0.0,False,0.0,True,0.0,False,346323347.0,0.0,346323347.0,4,False,True
C,A,20160101,2016,52,2016,156,,,M,,0,,,643,,,H4,HS,True,TOTAL,,,,C00,,0,0,,-1,,0.0,False,-1,,0.0,False,0.0,True,0.0,False,29463894051.0,0.0,29463894051.0,4,False,True
C,A,20160101,2016,52,2016,156,,,M,,0,,,694,,,H4,HS,True,TOTAL,,,,C00,,0,0,,-1,,0.0,False,-1,,0.0,False,0.0,True,0.0,False,237924341.0,0.0,237924341.0,4,False,True
C,A,20160101,2016,52,2016,156,,,M,,0,,,178,,,H4,HS,True,TOTAL,,,,C00,,0,0,,-1,,0.0,False,-1,,0.0,False,0.0,True,0.0,False,2017258705.0,0.0,2017258705.0,4,False,True
C,A,20160101,2016,52,2016,156,,,M,,0,,,752,,,H4,HS,True,TOTAL,,,,C00,,0,0,,-1,,0.0,False,-1,,0.0,False,0.0,True,0.0,False,4818832715.0,0.0,4818832715.0,4,False,True
C,A,20160101,2016,52,2016,156,,,M,,0,,,96,,,H4,HS,True,TOTAL,,,,C00,,0,0,,-1,,0.0,False,-1,,0.0,False,0.0,True,0.0,False,222030216.0,0.0,222030216.0,4,False,True
C,A,20160101,2016,52,2016,156,,,M,,0,,,688,,,H4,HS,True,TOTAL,,,,C00,,0,0,,-1,,0.0,False,-1,,0.0,False,0.0,True,0.0,False,17064403.0,0.0,17064403.0,4,False,True
C,A,20160101,2016,52,2016,156,,,M,,0,,,364,,,H4,HS,True,TOTAL,,,,C00,,0,0,,-1,,0.0,False,-1,,0.0,False,0.0,True,0.0,False,12992850687.0,0.0,12992850687.0,4,False,True
C,A,20160101,2016,52,2016,156,,,M,,0,,,705,,,H4,HS,True,TOTAL,,,,C00,,0,0,,-1,,0.0,False,-1,,0.0,False,0.0,True,0.0,False,4374097205.0,0.0,4374097205.0,4,False,True
C,A,20160101,2016,52,2016,156,,,M,,0,,,76,,,H4,HS,True,TOTAL,,,,C00,,0,0,,-1,,0.0,False,-1,,0.0,False,0.0,True,0.0,False,41882321240.0,0.0,41882321240.0,4,False,True
C,A,20160101,2016,52,2016,156,,,M,,0,,,686,,,H4,HS,True,TOTAL,,,,C00,,0,0,,-1,,0.0,False,-1,,0.0,False,0.0,True,0.0,False,171241012.0,0.0,171241012.0,4,False,True
C,A,20160101,2016,52,2016,156,,,M,,0,,,191,,,H4,HS,True,TOTAL,,,,C00,,0,0,,-1,,0.0,False,-1,,0.0,False,0.0,True,0.0,False,113075426.0,0.0,113075426.0,4,False,True
C,A,20160101,2016,52,2016,156,,,M,,0,,,446,,,H4,HS,True,TOTAL,,,,C00,,0,0,,-1,,0.0,False,-1,,0.0,False,0.0,True,0.0,False,1631269530.0,0.0,1631269530.0,4,False,True
C,A,20160101,2016,52,2016,156,,,M,,0,,,56,,,H4,HS,True,TOTAL,,,,C00,,0,0,,-1,,0.0,False,-1,,0.0,False,0.0,True,0.0,False,15776508052.0,0.0,15776508052.0,4,False,True
C,A,20160101,2016,52,2016,156,,,M,,0,,,226,,,H4,HS,True,TOTAL,,,,C00,,0,0,,-1,,0.0,False,-1,,0.0,False,0.0,True,0.0,False,591326640.0,0.0,591326640.0,4,False,True
C,A,20160101,2016,52,2016,156,,,M,,0,,,702,,,H4,HS,True,TOTAL,,,,C00,,0,0,,-1,,0.0,False,-1,,0.0,False,0.0,True,0.0,False,40254601069.0,0.0,40254601069.0,4,False,True
C,A,20160101,2016,52,2016,156,,,M,,0,,,788,,,H4,HS,True,TOTAL,,,,C00,,0,0,,-1,,0.0,False,-1,,0.0,False,0.0,True,0.0,False,24367850.0,0.0,24367850.0,4,False,True
C,A,20160101,2016,52,2016,156,,,M,,0,,,616,,,H4,HS,True,TOTAL,,,,C00,,0,0,,-1,,0.0,False,-1,,0.0,False,0.0,True,0.0,False,1664091427.0,0.0,1664091427.0,4,False,True
C,A,20160101,2016,52,2016,156,,,M,,0,,,792,,,H4,HS,True,TOTAL,,,,C00,,0,0,,-1,,0.0,False,-1,,0.0,False,0.0,True,0.0,False,2688456675.0,0.0,2688456675.0,4,False,True
C,A,20160101,2016,52,2016,156,,,M,,0,,,620,,,H4,HS,True,TOTAL,,,,C00,,0,0,,-1,,0.0,False,-1,,0.0,False,0.0,True,0.0,False,771554034.0,0.0,771554034.0,4,False,True
C,A,20160101,2016,52,2016,156,,,M,,0,,,682,,,H4,HS,True,TOTAL,,,,C00,,0,0,,-1,,0.0,False,-1,,0.0,False,0.0,True,0.0,False,21390297929.0,0.0,21390297929.0,4,False,True
C,A,20160101,2016,52,2016,156,,,M,,0,,,180,,,H4,HS,True,TOTAL,,,,C00,,0,0,,-1,,0.0,False,-1,,0.0,False,0.0,True,0.0,False,281494765.0,0.0,281494765.0,4,False,True
C,A,20160101,2016,52,2016,156,,,M,,0,,,368,,,H4,HS,True,TOTAL,,,,C00,,0,0,,-1,,0.0,False,-1,,0.0,False,0.0,True,0.0,False,10508316203.0,0.0,10508316203.0,4,False,True
C,A,20160101,2016,52,2016,156,,,M,,0,,,704,,,H4,HS,True,TOTAL,,,,C00,,0,0,,-1,,0.0,False,-1,,0.0,False,0.0,True,0.0,False,29955723624.0,0.0,29955723624.0,4,False,True
C,A,20160101,2016,52,2016,156,,,M,,0,,,372,,,H4,HS,True,TOTAL,,,,C00,,0,0,,-1,,0.0,False,-1,,0.0,False,0.0,True,0.0,False,2861224295.0,0.0,2861224295.0,4,False,True
C,A,20160101,2016,52,2016,156,,,M,,0,,,480,,,H4,HS,True,TOTAL,,,,C00,,0,0,,-1,,0.0,False,-1,,0.0,False,0.0,True,0.0,False,18360125.0,0.0,18360125.0,4,False,True
C,A,20160101,2016,52,2016,156,,,M,,0,,,388,,,H4,HS,True,TOTAL,,,,C00,,0,0,,-1,,0.0,False,-1,,0.0,False,0.0,True,0.0,False,18679960.0,0.0,18679960.0,4,False,True
C,A,20160101,2016,52,2016,156,,,M,,0,,,410,,,H4,HS,True,TOTAL,,,,C00,,0,0,,-1,,0.0,False,-1,,0.0,False,0.0,True,0.0,False,127433746576.0,0.0,127433746576.0,4,False,True
C,A,20160101,2016,52,2016,156,,,M,,0,,,842,,,H4,HS,True,TOTAL,,,,C00,,0,0,,-1,,0.0,False,-1,,0.0,False,0.0,True,0.0,False,117387950282.0,0.0,117387950282.0,4,False,True
C,A,20160101,2016,52,2016,156,,,M,,0,,,490,,,H4,HS,True,TOTAL,,,,C00,,0,0,,-1,,0.0,False,-1,,0.0,False,0.0,True,0.0,False,74807306373.0,0.0,74807306373.0,4,False,True
C,A,20160101,2016,52,2016,156,,,M,,0,,,579,,,H4,HS,True,TOTAL,,,,C00,,0,0,,-1,,0.0,False,-1,,0.0,False,0.0,True,0.0,False,2252125554.0,0.0,2252125554.0,4,False,True
C,A,20160101,2016,52,2016,156,,,M,,0,,,251,,,H4,HS,True,TOTAL,,,,C00,,0,0,,-1,,0.0,False,-1,,0.0,False,0.0,True,0.0,False,16557969679.0,0.0,16557969679.0,4,False,True
C,A,20160101,2016,52,2016,156,,,M,,0,,,699,,,H4,HS,True,TOTAL,,,,C00,,0,0,,-1,,0.0,False,-1,,0.0,False,0.0,True,0.0,False,8123351806.0,0.0,8123351806.0,4,False,True
C,A,20160101,2016,52,2016,156,,,M,,0,,,757,,,H4,HS,True,TOTAL,,,,C00,,0,0,,-1,,0.0,False,-1,,0.0,False,0.0,True,0.0,False,25070090962.0,0.0,25070090962.0,4,False,True
C,A,20160101,2016,52,2016,156,,,M,,0,,,0,,,H4,HS,True,TOTAL,,,,C00,,0,0,,-1,,0.0,False,-1,,0.0,False,0.0,True,0.0,False,1587920688162.0,0.0,1587920688162.0,4,False,True
C,A,20170101,2017,52,2017,156,,,M,,0,,,28,,,H5,HS,True,TOTAL,,,,C00,,0 ,0,,-1,,0.0,False,-1,,0.0,False,,False,,False,24598.0,,24598.0,0,False,True
C,A,20170101,2017,52,2017,156,,,M,,0,,,90,,,H5,HS,True,TOTAL,,,,C00,,0 ,0,,-1,,0.0,False,-1,,0.0,False,,False,,False,554758754.0,,554758754.0,0,False,True
C,A,20170101,2017,52,2017,156,,,M,,0,,,140,,,H5,HS,True,TOTAL,,,,C00,,0 ,0,,-1,,0.0,False,-1,,0.0,False,,False,,False,159.0,,159.0,0,False,True
C,A,20170101,2017,52,2017,156,,,M,,0,,,148,,,H5,HS,True,TOTAL,,,,C00,,0 ,0,,-1,,0.0,False,-1,,0.0,False,,False,,False,74277407.0,,74277407.0,0,False,True
C,A,20170101,2017,52,2017,156,,,M,,0,,,156,,,H5,HS,True,TOTAL,,,,C00,,0 ,0,,-1,,0.0,False,-1,,0.0,False,,False,,False,3976250.0,,3976250.0,0,False,True
C,A,20170101,2017,52,2017,156,,,M,,0,,,174,,,H5,HS,True,TOTAL,,,,C00,,0 ,0,,-1,,0.0,False,-1,,0.0,False,,False,,False,1390289.0,,1390289.0,0,False,True
C,A,20170101,2017,52,2017,156,,,M,,0,,,184,,,H5,HS,True,TOTAL,,,,C00,,0 ,0,,-1,,0.0,False,-1,,0.0,False,,False,,False,219.0,,219.0,0,False,True
C,A,20170101,2017,52,2017,156,,,M,,0,,,212,,,H5,HS,True,TOTAL,,,,C00,,0 ,0,,-1,,0.0,False,-1,,0.0,False,,False,,False,47352.0,,47352.0,0,False,True
C,A,20170101,2017,52,2017,156,,,M,,0,,,226,,,H5,HS,True,TOTAL,,,,C00,,0 ,0,,-1,,0.0,False,-1,,0.0,False,,False,,False,1423211362.0,,1423211362.0,0,False,True
C,A,20170101,2017,52,2017,156,,,M,,0,,,232,,,H5,HS,True,TOTAL,,,,C00,,0 ,0,,-1,,0.0,False,-1,,0.0,False,,False,,False,170681126.0,,170681126.0,0,False,True
C,A,20170101,2017,52,2017,156,,,M,,0,,,234,,,H5,HS,True,TOTAL,,,,C00,,0 ,0,,-1,,0.0,False,-1,,0.0,False,,False,,False,84758170.0,,84758170.0,0,False,True
C,A,20170101,2017,52,2017,156,,,M,,0,,,270,,,H5,HS,True,TOTAL,,,,C00,,0 ,0,,-1,,0.0,False,-1,,0.0,False,,False,,False,84360747.0,,84360747.0,0,False,True
C,A,20170101,2017,52,2017,156,,,M,,0,,,275,,,H5,HS,True,TOTAL,,,,C00,,0 ,0,,-1,,0.0,False,-1,,0.0,False,,False,,False,163532.0,,163532.0,0,False,True
C,A,20170101,2017,52,2017,156,,,M,,0,,,296,,,H5,HS,True,TOTAL,,,,C00,,0 ,0,,-1,,0.0,False,-1,,0.0,False,,False,,False,403784.0,,403784.0,0,False,True
C,A,20170101,2017,52,2017,156,,,M,,0,,,304,,,H5,HS,True,TOTAL,,,,C00,,0 ,0,,-1,,0.0,False,-1,,0.0,False,,False,,False,12248.0,,12248.0,0,False,True
C,A,20170101,2017,52,2017,156,,,M,,0,,,332,,,H5,HS,True,TOTAL,,,,C00,,0 ,0,,-1,,0.0,False,-1,,0.0,False,,False,,False,6309940.0,,6309940.0,0,False,True
C,A,20170101,2017,52,2017,156,,,M,,0,,,336,,,H5,HS,True,TOTAL,,,,C00,,0 ,0,,-1,,0.0,False,-1,,0.0,False,,False,,False,2.0,,2.0,0,False,True
C,A,20170101,2017,52,2017,156,,,M,,0,,,434,,,H5,HS,True,TOTAL,,,,C00,,0 ,0,,-1,,0.0,False,-1,,0.0,False,,False,,False,1083753949.0,,1083753949.0,0,False,True
C,A,20170101,2017,52,2017,156,,,M,,0,,,454,,,H5,HS,True,TOTAL,,,,C00,,0 ,0,,-1,,0.0,False,-1,,0.0,False,,False,,False,3483197.0,,3483197.0,0,False,True
C,A,20170101,2017,52,2017,156,,,M,,0,,,473,,,H5,HS,True,TOTAL,,,,C00,,0 ,0,,-1,,0.0,False,-1,,0.0,False,,False,,False,3992.0,,3992.0,0,False,True
C,A,20170101,2017,52,2017,156,,,M,,0,,,499,,,H5,HS,True,TOTAL,,,,C00,,0 ,0,,-1,,0.0,False,-1,,0.0,False,,False,,False,78506506.0,,78506506.0,0,False,True
C,A,20170101,2017,52,2017,156,,,M,,0,,,500,,,H5,HS,True,TOTAL,,,,C00,,0 ,0,,-1,,0.0,False,-1,,0.0,False,,False,,False,2999.0,,2999.0,0,False,True
C,A,20170101,2017,52,2017,156,,,M,,0,,,520,,,H5,HS,True,TOTAL,,,,C00,,0 ,0,,-1,,0.0,False,-1,,0.0,False,,False,,False,20.0,,20.0,0,False,True
C,A,20170101,2017,52,2017,156,,,M,,0,,,531,,,H5,HS,True,TOTAL,,,,C00,,0 ,0,,-1,,0.0,False,-1,,0.0,False,,False,,False,497336118.0,,497336118.0,0,False,True
C,A,20170101,2017,52,2017,156,,,M,,0,,,533,,,H5,HS,True,TOTAL,,,,C00,,0 ,0,,-1,,0.0,False,-1,,0.0,False,,False,,False,306386484.0,,306386484.0,0,False,True
C,A,20170101,2017,52,2017,156,,,M,,0,,,540,,,H5,HS,True,TOTAL,,,,C00,,0 ,0,,-1,,0.0,False,-1,,0.0,False,,False,,False,603035398.0,,603035398.0,0,False,True
C,A,20170101,2017,52,2017,156,,,M,,0,,,548,,,H5,HS,True,TOTAL,,,,C00,,0 ,0,,-1,,0.0,False,-1,,0.0,False,,False,,False,5784676.0,,5784676.0,0,False,True
C,A,20170101,2017,52,2017,156,,,M,,0,,,568,,,H5,HS,True,TOTAL,,,,C00,,0 ,0,,-1,,0.0,False,-1,,0.0,False,,False,,False,163.0,,163.0,0,False,True
C,A,20170101,2017,52,2017,156,,,M,,0,,,574,,,H5,HS,True,TOTAL,,,,C00,,0 ,0,,-1,,0.0,False,-1,,0.0,False,,False,,False,162201.0,,162201.0,0,False,True
C,A,20170101,2017,52,2017,156,,,M,,0,,,577,,,H5,HS,True,TOTAL,,,,C00,,0 ,0,,-1,,0.0,False,-1,,0.0,False,,False,,False,473417.0,,473417.0,0,False,True
C,A,20170101,2017,52,2017,156,,,M,,0,,,585,,,H5,HS,True,TOTAL,,,,C00,,0 ,0,,-1,,0.0,False,-1,,0.0,False,,False,,False,178.0,,178.0,0,False,True
C,A,20170101,2017,52,2017,156,,,M,,0,,,637,,,H5,HS,True,TOTAL,,,,C00,,0 ,0,,-1,,0.0,False,-1,,0.0,False,,False,,False,3151.0,,3151.0,0,False,True
C,A,20170101,2017,52,2017,156,,,M,,0,,,678,,,H5,HS,True,TOTAL,,,,C00,,0 ,0,,-1,,0.0,False,-1,,0.0,False,,False,,False,10229.0,,10229.0,0,False,True
C,A,20170101,2017,52,2017,156,,,M,,0,,,666,,,H5,HS,True,TOTAL,,,,C00,,0 ,0,,-1,,0.0,False,-1,,0.0,False,,False,,False,870.0,,870.0,0,False,True
C,A,20170101,2017,52,2017,156,,,M,,0,,,662,,,H5,HS,True,TOTAL,,,,C00,,0 ,0,,-1,,0.0,False,-1,,0.0,False,,False,,False,114988205.0,,114988205.0,0,False,True
C,A,20170101,2017,52,2017,156,,,M,,0,,,706,,,H5,HS,True,TOTAL,,,,C00,,0 ,0,,-1,,0.0,False,-1,,0.0,False,,False,,False,10703413.0,,10703413.0,0,False,True
C,A,20170101,2017,52,2017,156,,,M,,0,,,728,,,H5,HS,True,TOTAL,,,,C00,,0 ,0,,-1,,0.0,False,-1,,0.0,False,,False,,False,527671304.0,,527671304.0,0,False,True
C,A,20170101,2017,52,2017,156,,,M,,0,,,740,,,H5,HS,True,TOTAL,,,,C00,,0 ,0,,-1,,0.0,False,-1,,0.0,False,,False,,False,26271378.0,,26271378.0,0,False,True
C,A,20170101,2017,52,2017,156,,,M,,0,,,748,,,H5,HS,True,TOTAL,,,,C00,,0 ,0,,-1,,0.0,False,-1,,0.0,False,,False,,False,1961.0,,1961.0,0,False,True
C,A,20170101,2017,52,2017,156,,,M,,0,,,760,,,H5,HS,True,TOTAL,,,,C00,,0 ,0,,-1,,0.0,False,-1,,0.0,False,,False,,False,939358.0,,939358.0,0,False,True
C,A,20170101,2017,52,2017,156,,,M,,0,,,776,,,H5,HS,True,TOTAL,,,,C00,,0 ,0,,-1,,0.0,False,-1,,0.0,False,,False,,False,562213.0,,562213.0,0,False,True
C,A,20170101,2017,52,2017,156,,,M,,0,,,796,,,H5,HS,True,TOTAL,,,,C00,,0 ,0,,-1,,0.0,False,-1,,0.0,False,,False,,False,797.0,,797.0,0,False,True
C,A,20170101,2017,52,2017,156,,,M,,0,,,798,,,H5,HS,True,TOTAL,,,,C00,,0 ,0,,-1,,0.0,False,-1,,0.0,False,,False,,False,7490404.0,,7490404.0,0,False,True
C,A,20170101,2017,52,2017,156,,,M,,0,,,854,,,H5,HS,True,TOTAL,,,,C00,,0 ,0,,-1,,0.0,False,-1,,0.0,False,,False,,False,956477.0,,956477.0,0,False,True
C,A,20170101,2017,52,2017,156,,,M,,0,,,899,,,H5,HS,True,TOTAL,,,,C00,,0 ,0,,-1,,0.0,False,-1,,0.0,False,,False,,False,7672.0,,7672.0,0,False,True
C,A,20170101,2017,52,2017,156,,,M,,0,,,0,,,H5,HS,True,TOTAL,,,,C00,,0 ,0,,-1,,0.0,False,-1,,0.0,False,,True,,False,1843792938795.0,,1843792938795.0,0,False,True
C,A,20170101,2017,52,2017,156,,,M,,0,,,20,,,H5,HS,True,TOTAL,,,,C00,,0 ,0,,-1,,0.0,False,-1,,0.0,False,,True,,False,1263514.0,,1263514.0,0,False,True
C,A,20170101,2017,52,2017,156,,,M,,0,,,24,,,H5,HS,True,TOTAL,,,,C00,,0 ,0,,-1,,0.0,False,-1,,0.0,False,,True,,False,18914938832.0,,18914938832.0,0,False,True
C,A,20170101,2017,52,2017,156,,,M,,0,,,4,,,H5,HS,True,TOTAL,,,,C00,,0 ,0,,-1,,0.0,False,-1,,0.0,False,,True,,False,1275919.0,,1275919.0,0,False,True
C,A,20170101,2017,52,2017,156,,,M,,0,,,8,,,H5,HS,True,TOTAL,,,,C00,,0 ,0,,-1,,0.0,False,-1,,0.0,False,,True,,False,183351767.0,,183351767.0,0,False,True
C,A,20170101,2017,52,2017,156,,,M,,0,,,12,,,H5,HS,True,TOTAL,,,,C00,,0 ,0,,-1,,0.0,False,-1,,0.0,False,,True,,False,448147866.0,,448147866.0,0,False,True
C,A,20170101,2017,52,2017,156,,,M,,0,,,31,,,H5,HS,True,TOTAL,,,,C00,,0 ,0,,-1,,0.0,False,-1,,0.0,False,,True,,False,179628582.0,,179628582.0,0,False,True
C,A,20170101,2017,52,2017,156,,,M,,0,,,32,,,H5,HS,True,TOTAL,,,,C00,,0 ,0,,-1,,0.0,False,-1,,0.0,False,,True,,False,4481762504.0,,4481762504.0,0,False,True
C,A,20170101,2017,52,2017,156,,,M,,0,,,36,,,H5,HS,True,TOTAL,,,,C00,,0 ,0,,-1,,0.0,False,-1,,0.0,False,,True,,False,85228059361.0,,85228059361.0,0,False,True
C,A,20170101,2017,52,2017,156,,,M,,0,,,40,,,H5,HS,True,TOTAL,,,,C00,,0 ,0,,-1,,0.0,False,-1,,0.0,False,,True,,False,2515163184.0,,2515163184.0,0,False,True
C,A,20170101,2017,52,2017,156,,,M,,0,,,44,,,H5,HS,True,TOTAL,,,,C00,,0 ,0,,-1,,0.0,False,-1,,0.0,False,,True,,False,299817506.0,,299817506.0,0,False,True
C,A,20170101,2017,52,2017,156,,,M,,0,,,48,,,H5,HS,True,TOTAL,,,,C00,,0 ,0,,-1,,0.0,False,-1,,0.0,False,,True,,False,257051318.0,,257051318.0,0,False,True
C,A,20170101,2017,52,2017,156,,,M,,0,,,50,,,H5,HS,True,TOTAL,,,,C00,,0 ,0,,-1,,0.0,False,-1,,0.0,False,,True,,False,730017041.0,,730017041.0,0,False,True
C,A,20170101,2017,52,2017,156,,,M,,0,,,51,,,H5,HS,True,TOTAL,,,,C00,,0 ,0,,-1,,0.0,False,-1,,0.0,False,,True,,False,24975126.0,,24975126.0,0,False,True
C,A,20170101,2017,52,2017,156,,,M,,0,,,52,,,H5,HS,True,TOTAL,,,,C00,,0 ,0,,-1,,0.0,False,-1,,0.0,False,,True,,False,3436938.0,,3436938.0,0,False,True
C,A,20170101,2017,52,2017,156,,,M,,0,,,56,,,H5,HS,True,TOTAL,,,,C00,,0 ,0,,-1,,0.0,False,-1,,0.0,False,,True,,False,17321693081.0,,17321693081.0,0,False,True
C,A,20170101,2017,52,2017,156,,,M,,0,,,60,,,H5,HS,True,TOTAL,,,,C00,,0 ,0,,-1,,0.0,False,-1,,0.0,False,,True,,False,8312.0,,8312.0,0,False,True
C,A,20170101,2017,52,2017,156,,,M,,0,,,72,,,H5,HS,True,TOTAL,,,,C00,,0 ,0,,-1,,0.0,False,-1,,0.0,False,,True,,False,188739.0,,188739.0,0,False,True
C,A,20170101,2017,52,2017,156,,,M,,0,,,70,,,H5,HS,True,TOTAL,,,,C00,,0 ,0,,-1,,0.0,False,-1,,0.0,False,,True,,False,8402393.0,,8402393.0,0,False,True
C,A,20170101,2017,52,2017,156,,,M,,0,,,68,,,H5,HS,True,TOTAL,,,,C00,,0 ,0,,-1,,0.0,False,-1,,0.0,False,,True,,False,165448891.0,,165448891.0,0,False,True
C,A,20170101,2017,52,2017,156,,,M,,0,,,64,,,H5,HS,True,TOTAL,,,,C00,,0 ,0,,-1,,0.0,False,-1,,0.0,False,,True,,False,87053.0,,87053.0,0,False,True
C,A,20170101,2017,52,2017,156,,,M,,0,,,76,,,H5,HS,True,TOTAL,,,,C00,,0 ,0,,-1,,0.0,False,-1,,0.0,False,,True,,False,53648676966.0,,53648676966.0,0,False,True
C,A,20170101,2017,52,2017,156,,,M,,0,,,84,,,H5,HS,True,TOTAL,,,,C00,,0 ,0,,-1,,0.0,False,-1,,0.0,False,,True,,False,2371327.0,,2371327.0,0,False,True
C,A,20170101,2017,52,2017,156,,,M,,0,,,92,,,H5,HS,True,TOTAL,,,,C00,,0 ,0,,-1,,0.0,False,-1,,0.0,False,,True,,False,1971279.0,,1971279.0,0,False,True
C,A,20170101,2017,52,2017,156,,,M,,0,,,96,,,H5,HS,True,TOTAL,,,,C00,,0 ,0,,-1,,0.0,False,-1,,0.0,False,,True,,False,334087008.0,,334087008.0,0,False,True
C,A,20170101,2017,52,2017,156,,,M,,0,,,100,,,H5,HS,True,TOTAL,,,,C00,,0 ,0,,-1,,0.0,False,-1,,0.0,False,,True,,False,759100887.0,,759100887.0,0,False,True
C,A,20170101,2017,52,2017,156,,,M,,0,,,104,,,H5,HS,True,TOTAL,,,,C00,,0 ,0,,-1,,0.0,False,-1,,0.0,False,,True,,False,4408746069.0,,4408746069.0,0,False,True
C,A,20170101,2017,52,2017,156,,,M,,0,,,108,,,H5,HS,True,TOTAL,,,,C00,,0 ,0,,-1,,0.0,False,-1,,0.0,False,,True,,False,1641601.0,,1641601.0,0,False,True
C,A,20170101,2017,52,2017,156,,,M,,0,,,112,,,H5,HS,True,TOTAL,,,,C00,,0 ,0,,-1,,0.0,False,-1,,0.0,False,,True,,False,77463088.0,,77463088.0,0,False,True
C,A,20170101,2017,52,2017,156,,,M,,0,,,120,,,H5,HS,True,TOTAL,,,,C00,,0 ,0,,-1,,0.0,False,-1,,0.0,False,,True,,False,619050222.0,,619050222.0,0,False,True
C,A,20170101,2017,52,2017,156,,,M,,0,,,116,,,H5,HS,True,TOTAL,,,,C00,,0 ,0,,-1,,0.0,False,-1,,0.0,False,,True,,False,810364988.0,,810364988.0,0,False,True
C,A,20170101,2017,52,2017,156,,,M,,0,,,136,,,H5,HS,True,TOTAL,,,,C00,,0 ,0,,-1,,0.0,False,-1,,0.0,False,,True,,False,233341.0,,233341.0,0,False,True
C,A,20170101,2017,52,2017,156,,,M,,0,,,132,,,H5,HS,True,TOTAL,,,,C00,,0 ,0,,-1,,0.0,False,-1,,0.0,False,,True,,False,4255737.0,,4255737.0,0,False,True
C,A,20170101,2017,52,2017,156,,,M,,0,,,124,,,H5,HS,True,TOTAL,,,,C00,,0 ,0,,-1,,0.0,False,-1,,0.0,False,,True,,False,19823586118.0,,19823586118.0,0,False,True
C,A,20170101,2017,52,2017,156,,,M,,0,,,144,,,H5,HS,True,TOTAL,,,,C00,,0 ,0,,-1,,0.0,False,-1,,0.0,False,,True,,False,255914813.0,,255914813.0,0,False,True
C,A,20170101,2017,52,2017,156,,,M,,0,,,152,,,H5,HS,True,TOTAL,,,,C00,,0 ,0,,-1,,0.0,False,-1,,0.0,False,,True,,False,19567712139.0,,19567712139.0,0,False,True
C,A,20170101,2017,52,2017,156,,,M,,0,,,170,,,H5,HS,True,TOTAL,,,,C00,,0 ,0,,-1,,0.0,False,-1,,0.0,False,,True,,False,1869549971.0,,1869549971.0,0,False,True
C,A,20170101,2017,52,2017,156,,,M,,0,,,178,,,H5,HS,True,TOTAL,,,,C00,,0 ,0,,-1,,0.0,False,-1,,0.0,False,,True,,False,3188535758.0,,3188535758.0,0,False,True
C,A,20170101,2017,52,2017,156,,,M,,0,,,180,,,H5,HS,True,TOTAL,,,,C00,,0 ,0,,-1,,0.0,False,-1,,0.0,False,,True,,False,225863681.0,,225863681.0,0,False,True
C,A,20170101,2017,52,2017,156,,,M,,0,,,188,,,H5,HS,True,TOTAL,,,,C00,,0 ,0,,-1,,0.0,False,-1,,0.0,False,,True,,False,297641650.0,,297641650.0,0,False,True
C,A,20170101,2017,52,2017,156,,,M,,0,,,191,,,H5,HS,True,TOTAL,,,,C00,,0 ,0,,-1,,0.0,False,-1,,0.0,False,,True,,False,208532353.0,,208532353.0,0,False,True
C,A,20170101,2017,52,2017,156,,,M,,0,,,196,,,H5,HS,True,TOTAL,,,,C00,,0 ,0,,-1,,0.0,False,-1,,0.0,False,,True,,False,123085906.0,,123085906.0,0,False,True
C,A,20170101,2017,52,2017,156,,,M,,0,,,192,,,H5,HS,True,TOTAL,,,,C00,,0 ,0,,-1,,0.0,False,-1,,0.0,False,,True,,False,314155995.0,,314155995.0,0,False,True
C,A,20170101,2017,52,2017,156,,,M,,0,,,203,,,H5,HS,True,TOTAL,,,,C00,,0 ,0,,-1,,0.0,False,-1,,0.0,False,,True,,False,1002042422.0,,1002042422.0,0,False,True
C,A,20170101,2017,52,2017,156,,,M,,0,,,204,,,H5,HS,True,TOTAL,,,,C00,,0 ,0,,-1,,0.0,False,-1,,0.0,False,,True,,False,91034291.0,,91034291.0,0,False,True
C,A,20170101,2017,52,2017,156,,,M,,0,,,208,,,H5,HS,True,TOTAL,,,,C00,,0 ,0,,-1,,0.0,False,-1,,0.0,False,,True,,False,5269036382.0,,5269036382.0,0,False,True
C,A,20170101,2017,52,2017,156,,,M,,0,,,214,,,H5,HS,True,TOTAL,,,,C00,,0 ,0,,-1,,0.0,False,-1,,0.0,False,,True,,False,85484023.0,,85484023.0,0,False,True
C,A,20170101,2017,52,2017,156,,,M,,0,,,218,,,H5,HS,True,TOTAL,,,,C00,,0 ,0,,-1,,0.0,False,-1,,0.0,False,,True,,False,1127690693.0,,1127690693.0,0,False,True
C,A,20170101,2017,52,2017,156,,,M,,0,,,222,,,H5,HS,True,TOTAL,,,,C00,,0 ,0,,-1,,0.0,False,-1,,0.0,False,,True,,False,50871427.0,,50871427.0,0,False,True
C,A,20170101,2017,52,2017,156,,,M,,0,,,231,,,H5,HS,True,TOTAL,,,,C00,,0 ,0,,-1,,0.0,False,-1,,0.0,False,,True,,False,297237741.0,,297237741.0,0,False,True
C,A,20170101,2017,52,2017,156,,,M,,0,,,233,,,H5,HS,True,TOTAL,,,,C00,,0 ,0,,-1,,0.0,False,-1,,0.0,False,,True,,False,324024009.0,,324024009.0,0,False,True
C,A,20170101,2017,52,2017,156,,,M,,0,,,242,,,H5,HS,True,TOTAL,,,,C00,,0 ,0,,-1,,0.0,False,-1,,0.0,False,,True,,False,17784216.0,,17784216.0,0,False,True
C,A,20170101,2017,52,2017,156,,,M,,0,,,246,,,H5,HS,True,TOTAL,,,,C00,,0 ,0,,-1,,0.0,False,-1,,0.0,False,,True,,False,3420938443.0,,3420938443.0,0,False,True
C,A,20170101,2017,52,2017,156,,,M,,0,,,251,,,H5,HS,True,TOTAL,,,,C00,,0 ,0,,-1,,0.0,False,-1,,0.0,False,,True,,False,20620155021.0,,20620155021.0,0,False,True
C,A,20170101,2017,52,2017,156,,,M,,0,,,258,,,H5,HS,True,TOTAL,,,,C00,,0 ,0,,-1,,0.0,False,-1,,0.0,False,,True,,False,739283.0,,739283.0,0,False,True
C,A,20170101,2017,52,2017,156,,,M,,0,,,262,,,H5,HS,True,TOTAL,,,,C00,,0 ,0,,-1,,0.0,False,-1,,0.0,False,,True,,False,64742056.0,,64742056.0,0,False,True
C,A,20170101,2017,52,2017,156,,,M,,0,,,266,,,H5,HS,True,TOTAL,,,,C00,,0 ,0,,-1,,0.0,False,-1,,0.0,False,,True,,False,1996517042.0,,1996517042.0,0,False,True
C,A,20170101,2017,52,2017,156,,,M,,0,,,268,,,H5,HS,True,TOTAL,,,,C00,,0 ,0,,-1,,0.0,False,-1,,0.0,False,,True,,False,386878955.0,,386878955.0,0,False,True
C,A,20170101,2017,52,2017,156,,,M,,0,,,276,,,H5,HS,True,TOTAL,,,,C00,,0 ,0,,-1,,0.0,False,-1,,0.0,False,,True,,False,91568736984.0,,91568736984.0,0,False,True
C,A,20170101,2017,52,2017,156,,,M,,0,,,292,,,H5,HS,True,TOTAL,,,,C00,,0 ,0,,-1,,0.0,False,-1,,0.0,False,,True,,False,54193.0,,54193.0,0,False,True
C,A,20170101,2017,52,2017,156,,,M,,0,,,288,,,H5,HS,True,TOTAL,,,,C00,,0 ,0,,-1,,0.0,False,-1,,0.0,False,,True,,False,1795463224.0,,1795463224.0,0,False,True
C,A,20170101,2017,52,2017,156,,,M,,0,,,300,,,H5,HS,True,TOTAL,,,,C00,,0 ,0,,-1,,0.0,False,-1,,0.0,False,,True,,False,494289543.0,,494289543.0,0,False,True
C,A,20170101,2017,52,2017,156,,,M,,0,,,308,,,H5,HS,True,TOTAL,,,,C00,,0 ,0,,-1,,0.0,False,-1,,0.0,False,,True,,False,35944.0,,35944.0,0,False,True
C,A,20170101,2017,52,2017,156,,,M,,0,,,320,,,H5,HS,True,TOTAL,,,,C00,,0 ,0,,-1,,0.0,False,-1,,0.0,False,,True,,False,104916120.0,,104916120.0,0,False,True
C,A,20170101,2017,52,2017,156,,,M,,0,,,324,,,H5,HS,True,TOTAL,,,,C00,,0 ,0,,-1,,0.0,False,-1,,0.0,False,,True,,False,1469265509.0,,1469265509.0,0,False,True
C,A,20170101,2017,52,2017,156,,,M,,0,,,328,,,H5,HS,True,TOTAL,,,,C00,,0 ,0,,-1,,0.0,False,-1,,0.0,False,,True,,False,35083256.0,,35083256.0,0,False,True
C,A,20170101,2017,52,2017,156,,,M,,0,,,340,,,H5,HS,True,TOTAL,,,,C00,,0 ,0,,-1,,0.0,False,-1,,0.0,False,,True,,False,18439772.0,,18439772.0,0,False,True
C,A,20170101,2017,52,2017,156,,,M,,0,,,344,,,H5,HS,True,TOTAL,,,,C00,,0 ,0,,-1,,0.0,False,-1,,0.0,False,,True,,False,391953014485.0,,391953014485.0,0,False,True
C,A,20170101,2017,52,2017,156,,,M,,0,,,348,,,H5,HS,True,TOTAL,,,,C00,,0 ,0,,-1,,0.0,False,-1,,0.0,False,,True,,False,876087217.0,,876087217.0,0,False,True
C,A,20170101,2017,52,2017,156,,,M,,0,,,352,,,H5,HS,True,TOTAL,,,,C00,,0 ,0,,-1,,0.0,False,-1,,0.0,False,,True,,False,76019150.0,,76019150.0,0,False,True
C,A,20170101,2017,52,2017,156,,,M,,0,,,360,,,H5,HS,True,TOTAL,,,,C00,,0 ,0,,-1,,0.0,False,-1,,0.0,False,,True,,False,27047687163.0,,27047687163.0,0,False,True
C,A,20170101,2017,52,2017,156,,,M,,0,,,364,,,H5,HS,True,TOTAL,,,,C00,,0 ,0,,-1,,0.0,False,-1,,0.0,False,,True,,False,16624866270.0,,16624866270.0,0,False,True
C,A,20170101,2017,52,2017,156,,,M,,0,,,368,,,H5,HS,True,TOTAL,,,,C00,,0 ,0,,-1,,0.0,False,-1,,0.0,False,,True,,False,13243551149.0,,13243551149.0,0,False,True
C,A,20170101,2017,52,2017,156,,,M,,0,,,372,,,H5,HS,True,TOTAL,,,,C00,,0 ,0,,-1,,0.0,False,-1,,0.0,False,,True,,False,5586882868.0,,5586882868.0,0,False,True
C,A,20170101,2017,52,2017,156,,,M,,0,,,376,,,H5,HS,True,TOTAL,,,,C00,,0 ,0,,-1,,0.0,False,-1,,0.0,False,,True,,False,6764463464.0,,6764463464.0,0,False,True
C,A,20170101,2017,52,2017,156,,,M,,0,,,380,,,H5,HS,True,TOTAL,,,,C00,,0 ,0,,-1,,0.0,False,-1,,0.0,False,,True,,False,16044668607.0,,16044668607.0,0,False,True
C,A,20170101,2017,52,2017,156,,,M,,0,,,384,,,H5,HS,True,TOTAL,,,,C00,,0 ,0,,-1,,0.0,False,-1,,0.0,False,,True,,False,150080333.0,,150080333.0,0,False,True
C,A,20170101,2017,52,2017,156,,,M,,0,,,388,,,H5,HS,True,TOTAL,,,,C00,,0 ,0,,-1,,0.0,False,-1,,0.0,False,,True,,False,50864149.0,,50864149.0,0,False,True
C,A,20170101,2017,52,2017,156,,,M,,0,,,392,,,H5,HS,True,TOTAL,,,,C00,,0 ,0,,-1,,0.0,False,-1,,0.0,False,,True,,False,133806460146.0,,133806460146.0,0,False,True
C,A,20170101,2017,52,2017,156,,,M,,0,,,398,,,H5,HS,True,TOTAL,,,,C00,,0 ,0,,-1,,0.0,False,-1,,0.0,False,,True,,False,5759042432.0,,5759042432.0,0,False,True
C,A,20170101,2017,52,2017,156,,,M,,0,,,400,,,H5,HS,True,TOTAL,,,,C00,,0 ,0,,-1,,0.0,False,-1,,0.0,False,,True,,False,328462126.0,,328462126.0,0,False,True
C,A,20170101,2017,52,2017,156,,,M,,0,,,404,,,H5,HS,True,TOTAL,,,,C00,,0 ,0,,-1,,0.0,False,-1,,0.0,False,,True,,False,179038767.0,,179038767.0,0,False,True
C,A,20170101,2017,52,2017,156,,,M,,0,,,408,,,H5,HS,True,TOTAL,,,,C00,,0 ,0,,-1,,0.0,False,-1,,0.0,False,,True,,False,1759429873.0,,1759429873.0,0,False,True
C,A,20170101,2017,52,2017,156,,,M,,0,,,410,,,H5,HS,True,TOTAL,,,,C00,,0 ,0,,-1,,0.0,False,-1,,0.0,False,,True,,False,147053700326.0,,147053700326.0,0,False,True
C,A,20170101,2017,52,2017,156,,,M,,0,,,414,,,H5,HS,True,TOTAL,,,,C00,,0 ,0,,-1,,0.0,False,-1,,0.0,False,,True,,False,9044421215.0,,9044421215.0,0,False,True
C,A,20170101,2017,52,2017,156,,,M,,0,,,417,,,H5,HS,True,TOTAL,,,,C00,,0 ,0,,-1,,0.0,False,-1,,0.0,False,,True,,False,87089300.0,,87089300.0,0,False,True
C,A,20170101,2017,52,2017,156,,,M,,0,,,418,,,H5,HS,True,TOTAL,,,,C00,,0 ,0,,-1,,0.0,False,-1,,0.0,False,,True,,False,861002720.0,,861002720.0,0,False,True
C,A,20170101,2017,52,2017,156,,,M,,0,,,422,,,H5,HS,True,TOTAL,,,,C00,,0 ,0,,-1,,0.0,False,-1,,0.0,False,,True,,False,505047875.0,,505047875.0,0,False,True
C,A,20170101,2017,52,2017,156,,,M,,0,,,426,,,H5,HS,True,TOTAL,,,,C00,,0 ,0,,-1,,0.0,False,-1,,0.0,False,,True,,False,1886017.0,,1886017.0,0,False,True
C,A,20170101,2017,52,2017,156,,,M,,0,,,428,,,H5,HS,True,TOTAL,,,,C00,,0 ,0,,-1,,0.0,False,-1,,0.0,False,,True,,False,255565815.0,,255565815.0,0,False,True
C,A,20170101,2017,52,2017,156,,,M,,0,,,430,,,H5,HS,True,TOTAL,,,,C00,,0 ,0,,-1,,0.0,False,-1,,0.0,False,,True,,False,91134799.0,,91134799.0,0,False,True
C,A,20170101,2017,52,2017,156,,,M,,0,,,440,,,H5,HS,True,TOTAL,,,,C00,,0 ,0,,-1,,0.0,False,-1,,0.0,False,,True,,False,665520238.0,,665520238.0,0,False,True
C,A,20170101,2017,52,2017,156,,,M,,0,,,442,,,H5,HS,True,TOTAL,,,,C00,,0 ,0,,-1,,0.0,False,-1,,0.0,False,,True,,False,1523910573.0,,1523910573.0,0,False,True
C,A,20170101,2017,52,2017,156,,,M,,0,,,446,,,H5,HS,True,TOTAL,,,,C00,,0 ,0,,-1,,0.0,False,-1,,0.0,False,,True,,False,1425513401.0,,1425513401.0,0,False,True
C,A,20170101,2017,52,2017,156,,,M,,0,,,450,,,H5,HS,True,TOTAL,,,,C00,,0 ,0,,-1,,0.0,False,-1,,0.0,False,,True,,False,207753207.0,,207753207.0,0,False,True
C,A,20170101,2017,52,2017,156,,,M,,0,,,458,,,H5,HS,True,TOTAL,,,,C00,,0 ,0,,-1,,0.0,False,-1,,0.0,False,,True,,False,47783297193.0,,47783297193.0,0,False,True
C,A,20170101,2017,52,2017,156,,,M,,0,,,462,,,H5,HS,True,TOTAL,,,,C00,,0 ,0,,-1,,0.0,False,-1,,0.0,False,,True,,False,412547.0,,412547.0,0,False,True
C,A,20170101,2017,52,2017,156,,,M,,0,,,466,,,H5,HS,True,TOTAL,,,,C00,,0 ,0,,-1,,0.0,False,-1,,0.0,False,,True,,False,30937365.0,,30937365.0,0,False,True
C,A,20170101,2017,52,2017,156,,,M,,0,,,470,,,H5,HS,True,TOTAL,,,,C00,,0 ,0,,-1,,0.0,False,-1,,0.0,False,,True,,False,144578527.0,,144578527.0,0,False,True
C,A,20170101,2017,52,2017,156,,,M,,0,,,478,,,H5,HS,True,TOTAL,,,,C00,,0 ,0,,-1,,0.0,False,-1,,0.0,False,,True,,False,787209999.0,,787209999.0,0,False,True
C,A,20170101,2017,52,2017,156,,,M,,0,,,480,,,H5,HS,True,TOTAL,,,,C00,,0 ,0,,-1,,0.0,False,-1,,0.0,False,,True,,False,20443104.0,,20443104.0,0,False,True
C,A,20170101,2017,52,2017,156,,,M,,0,,,484,,,H5,HS,True,TOTAL,,,,C00,,0 ,0,,-1,,0.0,False,-1,,0.0,False,,True,,False,6182564808.0,,6182564808.0,0,False,True
C,A,20170101,2017,52,2017,156,,,M,,0,,,490,,,H5,HS,True,TOTAL,,,,C00,,0 ,0,,-1,,0.0,False,-1,,0.0,False,,True,,False,89060199580.0,,89060199580.0,0,False,True
C,A,20170101,2017,52,2017,156,,,M,,0,,,496,,,H5,HS,True,TOTAL,,,,C00,,0 ,0,,-1,,0.0,False,-1,,0.0,False,,True,,False,5178574406.0,,5178574406.0,0,False,True
C,A,20170101,2017,52,2017,156,,,M,,0,,,498,,,H5,HS,True,TOTAL,,,,C00,,0 ,0,,-1,,0.0,False,-1,,0.0,False,,True,,False,2780715.0,,2780715.0,0,False,True
C,A,20170101,2017,52,2017,156,,,M,,0,,,504,,,H5,HS,True,TOTAL,,,,C00,,0 ,0,,-1,,0.0,False,-1,,0.0,False,,True,,False,300953549.0,,300953549.0,0,False,True
C,A,20170101,2017,52,2017,156,,,M,,0,,,508,,,H5,HS,True,TOTAL,,,,C00,,0 ,0,,-1,,0.0,False,-1,,0.0,False,,True,,False,2905902264.0,,2905902264.0,0,False,True
C,A,20170101,2017,52,2017,156,,,M,,0,,,512,,,H5,HS,True,TOTAL,,,,C00,,0 ,0,,-1,,0.0,False,-1,,0.0,False,,True,,False,13219413989.0,,13219413989.0,0,False,True
C,A,20170101,2017,52,2017,156,,,M,,0,,,516,,,H5,HS,True,TOTAL,,,,C00,,0 ,0,,-1,,0.0,False,-1,,0.0,False,,True,,False,508378450.0,,508378450.0,0,False,True
C,A,20170101,2017,52,2017,156,,,M,,0,,,524,,,H5,HS,True,TOTAL,,,,C00,,0 ,0,,-1,,0.0,False,-1,,0.0,False,,True,,False,16490575.0,,16490575.0,0,False,True
C,A,20170101,2017,52,2017,156,,,M,,0,,,528,,,H5,HS,True,TOTAL,,,,C00,,0 ,0,,-1,,0.0,False,-1,,0.0,False,,True,,False,21356784078.0,,21356784078.0,0,False,True
C,A,20170101,2017,52,2017,156,,,M,,0,,,554,,,H5,HS,True,TOTAL,,,,C00,,0 ,0,,-1,,0.0,False,-1,,0.0,False,,True,,False,8917766751.0,,8917766751.0,0,False,True
C,A,20170101,2017,52,2017,156,,,M,,0,,,562,,,H5,HS,True,TOTAL,,,,C00,,0 ,0,,-1,,0.0,False,-1,,0.0,False,,True,,False,81672465.0,,81672465.0,0,False,True
C,A,20170101,2017,52,2017,156,,,M,,0,,,558,,,H5,HS,True,TOTAL,,,,C00,,0 ,0,,-1,,0.0,False,-1,,0.0,False,,True,,False,24889036.0,,24889036.0,0,False,True
C,A,20170101,2017,52,2017,156,,,M,,0,,,566,,,H5,HS,True,TOTAL,,,,C00,,0 ,0,,-1,,0.0,False,-1,,0.0,False,,True,,False,1549923436.0,,1549923436.0,0,False,True
C,A,20170101,2017,52,2017,156,,,M,,0,,,579,,,H5,HS,True,TOTAL,,,,C00,,0 ,0,,-1,,0.0,False,-1,,0.0,False,,True,,False,2224560170.0,,2224560170.0,0,False,True
C,A,20170101,2017,52,2017,156,,,M,,0,,,583,,,H5,HS,True,TOTAL,,,,C00,,0 ,0,,-1,,0.0,False,-1,,0.0,False,,True,,False,38769459.0,,38769459.0,0,False,True
C,A,20170101,2017,52,2017,156,,,M,,0,,,584,,,H5,HS,True,TOTAL,,,,C00,,0 ,0,,-1,,0.0,False,-1,,0.0,False,,True,,False,96377574.0,,96377574.0,0,False,True
C,A,20170101,2017,52,2017,156,,,M,,0,,,586,,,H5,HS,True,TOTAL,,,,C00,,0 ,0,,-1,,0.0,False,-1,,0.0,False,,True,,False,1628446662.0,,1628446662.0,0,False,True
C,A,20170101,2017,52,2017,156,,,M,,0,,,600,,,H5,HS,True,TOTAL,,,,C00,,0 ,0,,-1,,0.0,False,-1,,0.0,False,,True,,False,21347210.0,,21347210.0,0,False,True
C,A,20170101,2017,52,2017,156,,,M,,0,,,591,,,H5,HS,True,TOTAL,,,,C00,,0 ,0,,-1,,0.0,False,-1,,0.0,False,,True,,False,1173436315.0,,1173436315.0,0,False,True
C,A,20170101,2017,52,2017,156,,,M,,0,,,598,,,H5,HS,True,TOTAL,,,,C00,,0 ,0,,-1,,0.0,False,-1,,0.0,False,,True,,False,2053663820.0,,2053663820.0,0,False,True
C,A,20170101,2017,52,2017,156,,,M,,0,,,604,,,H5,HS,True,TOTAL,,,,C00,,0 ,0,,-1,,0.0,False,-1,,0.0,False,,True,,False,12941139352.0,,12941139352.0,0,False,True
C,A,20170101,2017,52,2017,156,,,M,,0,,,608,,,H5,HS,True,TOTAL,,,,C00,,0 ,0,,-1,,0.0,False,-1,,0.0,False,,True,,False,9848611507.0,,9848611507.0,0,False,True
C,A,20170101,2017,52,2017,156,,,M,,0,,,616,,,H5,HS,True,TOTAL,,,,C00,,0 ,0,,-1,,0.0,False,-1,,0.0,False,,True,,False,2284166001.0,,2284166001.0,0,False,True
C,A,20170101,2017,52,2017,156,,,M,,0,,,620,,,H5,HS,True,TOTAL,,,,C00,,0 ,0,,-1,,0.0,False,-1,,0.0,False,,True,,False,1024553315.0,,1024553315.0,0,False,True
C,A,20170101,2017,52,2017,156,,,M,,0,,,624,,,H5,HS,True,TOTAL,,,,C00,,0 ,0,,-1,,0.0,False,-1,,0.0,False,,True,,False,412392.0,,412392.0,0,False,True
C,A,20170101,2017,52,2017,156,,,M,,0,,,626,,,H5,HS,True,TOTAL,,,,C00,,0 ,0,,-1,,0.0,False,-1,,0.0,False,,True,,False,1468242.0,,1468242.0,0,False,True
C,A,20170101,2017,52,2017,156,,,M,,0,,,634,,,H5,HS,True,TOTAL,,,,C00,,0 ,0,,-1,,0.0,False,-1,,0.0,False,,True,,False,6355947563.0,,6355947563.0,0,False,True
C,A,20170101,2017,52,2017,156,,,M,,0,,,642,,,H5,HS,True,TOTAL,,,,C00,,0 ,0,,-1,,0.0,False,-1,,0.0,False,,True,,False,740911841.0,,740911841.0,0,False,True
C,A,20170101,2017,52,2017,156,,,M,,0,,,643,,,H5,HS,True,TOTAL,,,,C00,,0 ,0,,-1,,0.0,False,-1,,0.0,False,,True,,False,37346465913.0,,37346465913.0,0,False,True
C,A,20170101,2017,52,2017,156,,,M,,0,,,674,,,H5,HS,True,TOTAL,,,,C00,,0 ,0,,-1,,0.0,False,-1,,0.0,False,,True,,False,364410.0,,364410.0,0,False,True
C,A,20170101,2017,52,2017,156,,,M,,0,,,670,,,H5,HS,True,TOTAL,,,,C00,,0 ,0,,-1,,0.0,False,-1,,0.0,False,,True,,False,1431909.0,,1431909.0,0,False,True
C,A,20170101,2017,52,2017,156,,,M,,0,,,659,,,H5,HS,True,TOTAL,,,,C00,,0 ,0,,-1,,0.0,False,-1,,0.0,False,,True,,False,643370.0,,643370.0,0,False,True
C,A,20170101,2017,52,2017,156,,,M,,0,,,646,,,H5,HS,True,TOTAL,,,,C00,,0 ,0,,-1,,0.0,False,-1,,0.0,False,,True,,False,2557300.0,,2557300.0,0,False,True
C,A,20170101,2017,52,2017,156,,,M,,0,,,682,,,H5,HS,True,TOTAL,,,,C00,,0 ,0,,-1,,0.0,False,-1,,0.0,False,,True,,False,29420187866.0,,29420187866.0,0,False,True
C,A,20170101,2017,52,2017,156,,,M,,0,,,686,,,H5,HS,True,TOTAL,,,,C00,,0 ,0,,-1,,0.0,False,-1,,0.0,False,,True,,False,169514990.0,,169514990.0,0,False,True
C,A,20170101,2017,52,2017,156,,,M,,0,,,694,,,H5,HS,True,TOTAL,,,,C00,,0 ,0,,-1,,0.0,False,-1,,0.0,False,,True,,False,330433752.0,,330433752.0,0,False,True
C,A,20170101,2017,52,2017,156,,,M,,0,,,690,,,H5,HS,True,TOTAL,,,,C00,,0 ,0,,-1,,0.0,False,-1,,0.0,False,,True,,False,6863186.0,,6863186.0,0,False,True
C,A,20170101,2017,52,2017,156,,,M,,0,,,688,,,H5,HS,True,TOTAL,,,,C00,,0 ,0,,-1,,0.0,False,-1,,0.0,False,,True,,False,32500672.0,,32500672.0,0,False,True
C,A,20170101,2017,52,2017,156,,,M,,0,,,699,,,H5,HS,True,TOTAL,,,,C00,,0 ,0,,-1,,0.0,False,-1,,0.0,False,,True,,False,12248564926.0,,12248564926.0,0,False,True
C,A,20170101,2017,52,2017,156,,,M,,0,,,702,,,H5,HS,True,TOTAL,,,,C00,,0 ,0,,-1,,0.0,False,-1,,0.0,False,,True,,False,48740610613.0,,48740610613.0,0,False,True
C,A,20170101,2017,52,2017,156,,,M,,0,,,703,,,H5,HS,True,TOTAL,,,,C00,,0 ,0,,-1,,0.0,False,-1,,0.0,False,,True,,False,282147842.0,,282147842.0,0,False,True
C,A,20170101,2017,52,2017,156,,,M,,0,,,704,,,H5,HS,True,TOTAL,,,,C00,,0 ,0,,-1,,0.0,False,-1,,0.0,False,,True,,False,37504637115.0,,37504637115.0,0,False,True
C,A,20170101,2017,52,2017,156,,,M,,0,,,705,,,H5,HS,True,TOTAL,,,,C00,,0 ,0,,-1,,0.0,False,-1,,0.0,False,,True,,False,4356223547.0,,4356223547.0,0,False,True
C,A,20170101,2017,52,2017,156,,,M,,0,,,710,,,H5,HS,True,TOTAL,,,,C00,,0 ,0,,-1,,0.0,False,-1,,0.0,False,,True,,False,14598545240.0,,14598545240.0,0,False,True
C,A,20170101,2017,52,2017,156,,,M,,0,,,716,,,H5,HS,True,TOTAL,,,,C00,,0 ,0,,-1,,0.0,False,-1,,0.0,False,,True,,False,277083360.0,,277083360.0,0,False,True
C,A,20170101,2017,52,2017,156,,,M,,0,,,724,,,H5,HS,True,TOTAL,,,,C00,,0 ,0,,-1,,0.0,False,-1,,0.0,False,,True,,False,7482399425.0,,7482399425.0,0,False,True
C,A,20170101,2017,52,2017,156,,,M,,0,,,729,,,H5,HS,True,TOTAL,,,,C00,,0 ,0,,-1,,0.0,False,-1,,0.0,False,,True,,False,1335929335.0,,1335929335.0,0,False,True
C,A,20170101,2017,52,2017,156,,,M,,0,,,752,,,H5,HS,True,TOTAL,,,,C00,,0 ,0,,-1,,0.0,False,-1,,0.0,False,,True,,False,5981728963.0,,5981728963.0,0,False,True
C,A,20170101,2017,52,2017,156,,,M,,0,,,757,,,H5,HS,True,TOTAL,,,,C00,,0 ,0,,-1,,0.0,False,-1,,0.0,False,,True,,False,23536235203.0,,23536235203.0,0,False,True
C,A,20170101,2017,52,2017,156,,,M,,0,,,762,,,H5,HS,True,TOTAL,,,,C00,,0 ,0,,-1,,0.0,False,-1,,0.0,False,,True,,False,42742567.0,,42742567.0,0,False,True
C,A,20170101,2017,52,2017,156,,,M,,0,,,768,,,H5,HS,True,TOTAL,,,,C00,,0 ,0,,-1,,0.0,False,-1,,0.0,False,,True,,False,106335154.0,,106335154.0,0,False,True
C,A,20170101,2017,52,2017,156,,,M,,0,,,764,,,H5,HS,True,TOTAL,,,,C00,,0 ,0,,-1,,0.0,False,-1,,0.0,False,,True,,False,28868303692.0,,28868303692.0,0,False,True
C,A,20170101,2017,52,2017,156,,,M,,0,,,780,,,H5,HS,True,TOTAL,,,,C00,,0 ,0,,-1,,0.0,False,-1,,0.0,False,,True,,False,304602088.0,,304602088.0,0,False,True
C,A,20170101,2017,52,2017,156,,,M,,0,,,784,,,H5,HS,True,TOTAL,,,,C00,,0 ,0,,-1,,0.0,False,-1,,0.0,False,,True,,False,16323949024.0,,16323949024.0,0,False,True
C,A,20170101,2017,52,2017,156,,,M,,0,,,788,,,H5,HS,True,TOTAL,,,,C00,,0 ,0,,-1,,0.0,False,-1,,0.0,False,,True,,False,57571071.0,,57571071.0,0,False,True
C,A,20170101,2017,52,2017,156,,,M,,0,,,792,,,H5,HS,True,TOTAL,,,,C00,,0 ,0,,-1,,0.0,False,-1,,0.0,False,,True,,False,3640648902.0,,3640648902.0,0,False,True
C,A,20170101,2017,52,2017,156,,,M,,0,,,795,,,H5,HS,True,TOTAL,,,,C00,,0 ,0,,-1,,0.0,False,-1,,0.0,False,,True,,False,6545103591.0,,6545103591.0,0,False,True
C,A,20170101,2017,52,2017,156,,,M,,0,,,800,,,H5,HS,True,TOTAL,,,,C00,,0 ,0,,-1,,0.0,False,-1,,0.0,False,,True,,False,14734096.0,,14734096.0,0,False,True
C,A,20170101,2017,52,2017,156,,,M,,0,,,807,,,H5,HS,True,TOTAL,,,,C00,,0 ,0,,-1,,0.0,False,-1,,0.0,False,,True,,False,10316224.0,,10316224.0,0,False,True
C,A,20170101,2017,52,2017,156,,,M,,0,,,804,,,H5,HS,True,TOTAL,,,,C00,,0 ,0,,-1,,0.0,False,-1,,0.0,False,,True,,False,2353344604.0,,2353344604.0,0,False,True
C,A,20170101,2017,52,2017,156,,,M,,0,,,818,,,H5,HS,True,TOTAL,,,,C00,,0 ,0,,-1,,0.0,False,-1,,0.0,False,,True,,False,1486886922.0,,1486886922.0,0,False,True
C,A,20170101,2017,52,2017,156,,,M,,0,,,826,,,H5,HS,True,TOTAL,,,,C00,,0 ,0,,-1,,0.0,False,-1,,0.0,False,,True,,False,20294916406.0,,20294916406.0,0,False,True
C,A,20170101,2017,52,2017,156,,,M,,0,,,834,,,H5,HS,True,TOTAL,,,,C00,,0 ,0,,-1,,0.0,False,-1,,0.0,False,,True,,False,1098652100.0,,1098652100.0,0,False,True
C,A,20170101,2017,52,2017,156,,,M,,0,,,858,,,H5,HS,True,TOTAL,,,,C00,,0 ,0,,-1,,0.0,False,-1,,0.0,False,,True,,False,5667941113.0,,5667941113.0,0,False,True
C,A,20170101,2017,52,2017,156,,,M,,0,,,842,,,H5,HS,True,TOTAL,,,,C00,,0 ,0,,-1,,0.0,False,-1,,0.0,False,,True,,False,131616365557.0,,131616365557.0,0,False,True
C,A,20170101,2017,52,2017,156,,,M,,0,,,860,,,H5,HS,True,TOTAL,,,,C00,,0 ,0,,-1,,0.0,False,-1,,0.0,False,,True,,False,1160211727.0,,1160211727.0,0,False,True
C,A,20170101,2017,52,2017,156,,,M,,0,,,862,,,H5,HS,True,TOTAL,,,,C00,,0 ,0,,-1,,0.0,False,-1,,0.0,False,,True,,False,6224180122.0,,6224180122.0,0,False,True
C,A,20170101,2017,52,2017,156,,,M,,0,,,882,,,H5,HS,True,TOTAL,,,,C00,,0 ,0,,-1,,0.0,False,-1,,0.0,False,,True,,False,2316323.0,,2316323.0,0,False,True
C,A,20170101,2017,52,2017,156,,,M,,0,,,887,,,H5,HS,True,TOTAL,,,,C00,,0 ,0,,-1,,0.0,False,-1,,0.0,False,,True,,False,452259032.0,,452259032.0,0,False,True
C,A,20170101,2017,52,2017,156,,,M,,0,,,894,,,H5,HS,True,TOTAL,,,,C00,,0 ,0,,-1,,0.0,False,-1,,0.0,False,,True,,False,164709556.0,,164709556.0,0,False,True
C,A,20180101,2018,52,2018,156,,,M,,0,,,0,,,H5,HS,True,TOTAL,,,,C00,,0,0,,-1,,0.0,False,-1,,0.0,False,0.0,True,0.0,False,2133605397056.0,0.0,2133605397056.0,4,False,True
C,A,20190101,2019,52,2019,156,,,M,,0,,,0,,,H5,HS,True,TOTAL,,,,C00,,0,0,,-1,,0.0,False,-1,,0.0,False,0.0,True,0.0,False,2079285499197.0,0.0,2079285499197.0,4,False,True
C,A,20200101,2020,52,2020,156,,,M,,0,,,0,,,H5,HS,True,TOTAL,,,,C00,,0,0,,-1,,0.0,False,-1,,0.0,False,0.0,True,0.0,False,2069567864872.0,0.0,2069567864872.0,4,False,True
C,A,20210101,2021,52,2021,156,,,M,,0,,,0,,,H5,HS,True,TOTAL,,,,C00,,0,0,,-1,,0.0,False,-1,,0.0,False,0.0,True,0.0,False,2679412024390.0,,2679412024390.0,4,False,True
C,A,20220101,2022,52,2022,156,,,M,,0,,,0,,,H6,HS,True,TOTAL,,,,C00,,0,0,,-1,,0.0,False,-1,,0.0,False,0.0,True,0.0,False,2715997517261.0,,2715997517261.0,4,False,True
C,A,20230101,2023,52,2023,156,,,M,,0,,,0,,,H6,HS,True,TOTAL,,,,C00,,0,0,,-1,,0.0,False,-1,,0.0,False,0.0,True,0.0,False,2556763018595.0,,2556763018595.0,4,False,True
C,A,20240101,2024,52,2024,156,,,M,,0,,,0,,,H6,HS,True,TOTAL,,,,C00,,0,0,,-1,,0.0,False,-1,,0.0,False,0.0,True,0.0,False,2585134598079.0,,2585134598079.0,4,False,True
